FireID,Date.yymmdd,IgnTime.hhmmss,IgnLngth.m,RH.%,Temp.C,NE2mWind.ms,NW2mWind.ms,SW2mWind.ms,SE2mWind.ms,CloudCov.8,FuelType,FuelTreat,FuelHt.m,FuelLoad.kgm2,SAVR.cm,Cure.%,DFMC.%,BurnPeriodEnd.hhmmss,CumDist.m,IncDist.m,FlameDpthAir.m,FlameDpthGnd.m,FlameHt.m,FlameAng.deg,FireDir.deg,TimeSinceIgn,MidTime,ROS.ms
A011,860730,131530,77,34,24,4.9,3.7,4.6,5.9,28,ER,E1,0.3,0.426,97.7,95,6.4,131548,6.5,6.5,NA,NA,4,60,345,18,9,0.36
A011,860730,131530,77,34,24,4.9,4,5.2,6,28,ER,E1,0.3,0.426,97.7,95,6.4,131600,21.9,18.1,NA,NA,4,60,5,30,24,1.51
A011,860730,131530,77,34,24,5.6,4.8,3.9,5.8,28,ER,E1,0.3,0.426,97.7,95,6.4,131605,28,11,NA,NA,4,60,310,35,33,2.2
A011,860730,131530,77,34,24,6.6,6.1,4.5,5.6,28,ER,E1,0.3,0.426,97.7,95,6.4,131618,45,13.5,NA,NA,4,60,340,48,42,1.04
A011,860730,131530,77,34,24,7.7,5.3,4.5,5.7,28,ER,E1,0.3,0.426,97.7,95,6.4,131623,60,16,NA,NA,4,60,340,53,51,3.2
A012,860730,131530,75,34,24,2.6,4.9,5.9,4.7,18,ER,E1,0.12,0.507,97.7,95,9.1,131548,4.5,4.5,NA,NA,1.5,20,360,18,9,0.25
A012,860730,131530,75,34,24,2.1,4.9,6,5.1,18,ER,E1,0.12,0.507,97.7,95,9.1,131600,13,10,NA,NA,1.5,20,360,30,24,0.83
A012,860730,131530,75,34,24,1.4,5.6,5.8,4.5,18,ER,E1,0.12,0.507,97.7,95,9.1,131605,19,6.3,NA,NA,1.5,20,350,35,33,1.26
A012,860730,131530,75,34,24,2.4,6.6,5.6,3.6,18,ER,E1,0.12,0.507,97.7,95,9.1,131618,25.8,9,NA,NA,1.5,20,15,48,42,0.69
A012,860730,131530,75,34,24,3.4,7.7,5.7,4.1,18,ER,E1,0.12,0.507,97.7,95,9.1,131623,38,13,NA,NA,1,15,350,53,51,2.6
A012,860730,131530,75,34,24,3.9,8.9,5.7,5.4,18,ER,E1,0.12,0.507,97.7,95,9.1,131636,49,11,NA,NA,1,15,5,66,60,0.85
A012,860730,131530,75,34,24,4.2,9.4,5.5,5.3,18,ER,E1,0.12,0.507,97.7,95,9.1,131647,58,10.9,NA,NA,1,15,350,77,72,0.99
A022,860730,113130,60,36,24,4.6,4.9,5,4.2,18,ER,E2,0.13,0.361,97.7,95,7.8,113145,3,3,NA,NA,0.6,50,280,15,8,0.2
A022,860730,113130,60,36,24,5.2,5.5,5.1,4.2,18,ER,E2,0.13,0.361,97.7,95,7.8,113157,5.5,3,NA,NA,0.6,50,285,27,21,0.25
A022,860730,113130,60,36,24,4.9,4.5,5.3,4,18,ER,E2,0.13,0.361,97.7,95,7.8,113211,14.4,9.5,NA,NA,0.6,50,280,41,34,0.68
A022,860730,113130,60,36,24,4.7,4.1,5.6,3.7,18,ER,E2,0.13,0.361,97.7,95,7.8,113242,28.7,12,NA,NA,0.6,50,300,72,57,0.39
A022,860730,113130,60,36,24,3.5,3.6,5.9,3.3,18,ER,E2,0.13,0.361,97.7,95,7.8,113301,46,17,NA,NA,0.7,75,280,91,82,0.89
A022,860730,113130,60,36,24,2.2,3.7,5.6,4,18,ER,E2,0.13,0.361,97.7,95,7.8,113322,57.9,13.5,NA,NA,0.7,75,300,112,102,0.64
A022,860730,113130,60,36,24,3.1,4.8,5.8,3.9,18,ER,E2,0.13,0.361,97.7,95,7.8,113351,71.9,19.3,NA,NA,0.7,75,280,141,127,0.67
A023,860731,114310,60,36,24,5.5,3,2.2,4.2,18,ER,E1,0.23,0.395,97.7,100,7.4,114326,3.8,3.8,NA,NA,4,75,335,16,8,0.24
A023,860731,114310,60,36,24,4.4,2,2.2,4.6,18,ER,E1,0.23,0.395,97.7,100,7.4,114337,10,7,NA,NA,4,75,330,27,22,0.64
A023,860731,114310,60,36,24,4.3,1.2,2,5,18,ER,E1,0.23,0.395,97.7,100,7.4,114345,22.3,11.7,13,4.5,4,75,345,35,31,1.46
A023,860731,114310,60,36,24,4.5,1.1,2.2,3.5,18,ER,E1,0.23,0.395,97.7,100,7.4,114355,31.5,14.5,16,4.5,4,75,330,45,40,1.45
A023,860731,114310,60,36,24,4.2,1.3,2.1,4.1,18,ER,E1,0.23,0.395,97.7,100,7.4,114407,44.9,12.5,15,4.5,4,75,335,57,51,1.04
A023,860731,114310,60,36,24,3.8,1.3,2,4,18,ER,E1,0.23,0.395,97.7,100,7.4,114415,55.3,13.2,19.3,4.5,4,75,320,65,61,1.65
A023,860731,114310,60,36,24,4.1,2.6,2,3.8,18,ER,E1,0.23,0.395,97.7,100,7.4,114421,59.3,7.5,18,4.5,4,75,285,71,68,1.25
A023,860731,114310,60,36,24,4.3,2.9,2.1,3.6,18,ER,E1,0.23,0.395,97.7,100,7.4,114430,79,20.5,22.9,4.5,4,75,335,80,76,2.28
A023,860731,114310,60,36,24,4.7,2.8,1.8,3.6,18,ER,E1,0.23,0.395,97.7,100,7.4,114436,89,12,23.9,4.5,4,75,310,86,83,2
A031,860731,115520,50,36,24,2.4,3.3,11,2.9,8,ER,E3,0.08,0.242,97.7,100,9.4,115543,4,4,NA,NA,0.5,30,315,23,12,0.17
A031,860731,115520,50,36,24,2.5,2.8,0,2.4,8,ER,E3,0.08,0.242,97.7,100,9.4,115551,7.8,4,NA,NA,0.5,30,320,31,27,0.5
A031,860731,115520,50,36,24,3.1,3.1,0,2.6,8,ER,E3,0.08,0.242,97.7,100,9.4,115601,15.5,8,NA,NA,0.5,30,320,41,36,0.8
A031,860731,115520,50,36,24,2.9,3.6,9.1,3.9,8,ER,E3,0.08,0.242,97.7,100,9.4,115631,33,21.2,NA,NA,0.5,30,280,71,56,0.71
A031,860731,115520,50,36,24,2.7,2.6,3.3,3.2,8,ER,E3,0.08,0.242,97.7,100,9.4,115725,55,29.3,NA,NA,0.4,45,275,125,98,0.54
A031,860731,115520,50,36,24,3.5,3.3,3.7,4.4,8,ER,E3,0.08,0.242,97.7,100,9.4,115818,70,15.5,NA,NA,0.4,45,310,178,152,0.29
A032,860804,110400,30,35,25,6.2,5.3,7,7,8,ER,E3,0.13,0.271,97.7,90,7.3,110421,19.5,19.5,NA,NA,1,30,315,21,11,0.93
A032,860804,110400,30,35,25,6.4,6.5,5.9,7.7,8,ER,E3,0.13,0.271,97.7,90,7.3,110437,45,27.2,NA,NA,1,30,310,37,29,1.7
A032,860804,110400,30,35,25,6,6.8,6,6.6,8,ER,E3,0.13,0.271,97.7,90,7.3,110500,71,26.5,NA,NA,1,30,315,60,49,1.15
A032,860804,110400,30,35,25,5.4,4.7,4.8,5.7,8,ER,E3,0.13,0.271,97.7,90,7.3,110523,92.5,21.5,NA,NA,1.5,30,310,83,72,0.93
A032,860804,110400,30,35,25,5,3.9,5.1,6.2,8,ER,E3,0.13,0.271,97.7,90,7.3,110543,109.5,18.5,NA,NA,1.5,30,305,103,93,0.93
A033,860804,111000,60,25,25,5.5,5.8,4.7,5.2,8,ER,E2,0.11,0.408,97.7,90,7.5,111017,11.5,11.5,6,10,1,30,300,17,9,0.68
A033,860804,111000,60,25,25,5.6,5.3,5.7,5.1,8,ER,E2,0.11,0.408,97.7,90,7.5,111029,23.8,13.9,12,10,1,30,320,29,23,1.16
A033,860804,111000,60,25,25,5.7,5.6,4.4,6.4,8,ER,E2,0.11,0.408,97.7,90,7.5,111047,48.3,13,13,10,1,30,315,47,38,0.72
A033,860804,111000,60,25,25,6,5.4,3.9,6.2,8,ER,E2,0.11,0.408,97.7,90,7.5,111059,61,15,8,8,1,30,315,59,53,1.25
A033,860804,111000,60,25,25,6,7,4.3,5.5,8,ER,E2,0.11,0.408,97.7,90,7.5,111109,74,13,8,8,1,30,315,69,64,1.3
A034,860731,121000,60,36,24,2.1,2.7,3.3,3.1,8,ER,E3,0.07,0.24,97.7,100,7.3,121010,2,2,NA,NA,0.8,90,320,10,5,0.2
A034,860731,121000,60,36,24,1.5,2.6,2.6,2.6,8,ER,E3,0.07,0.24,97.7,100,7.3,121042,4,3,NA,NA,0.8,90,320,42,26,0.09
A034,860731,121000,60,36,24,0.8,2.6,2.4,1.3,8,ER,E3,0.07,0.24,97.7,100,7.3,121113,18,15,1,1,0.5,60,305,73,58,0.48
A034,860731,121000,60,36,24,0.9,1.9,1.6,1.7,8,ER,E3,0.07,0.24,97.7,100,7.3,121229,27,9,3,1,0.5,60,315,149,111,0.12
A034,860731,121000,60,36,24,3.6,1,3.8,3.8,8,ER,E3,0.07,0.24,97.7,100,7.3,121336,41,14.5,6,3,0.7,45,330,216,183,0.22
A034,860731,121000,60,36,24,4.6,3,4.5,4.2,8,ER,E3,0.07,0.24,97.7,100,7.3,121404,70.5,26,NA,NA,0.7,45,330,244,230,0.93
A034,860731,121000,60,36,24,4,5.8,3.9,3.8,8,ER,E3,0.07,0.24,97.7,100,7.3,121442,97.5,26.5,NA,NA,0.7,45,330,282,263,0.7
A041,860804,112400,40,25,25,0,6.2,5.9,4.5,8,ER,E3,0.09,0.236,97.7,95,6.4,112422,9,9,NA,NA,0.5,30,335,22,11,0.41
A041,860804,112400,40,25,25,0,5.8,5.2,4.5,8,ER,E3,0.09,0.236,97.7,95,6.4,112459,34.5,24.5,2,5,0.5,30,355,59,41,0.66
A041,860804,112400,40,25,25,0,6.4,6.2,5.2,8,ER,E3,0.09,0.236,97.7,95,6.4,112519,51,18,2.5,4.5,0.7,30,320,79,69,0.9
A041,860804,112400,40,25,25,0,7.5,7,3.5,8,ER,E3,0.09,0.236,97.7,95,6.4,112543,84.5,34,NA,NA,0.7,30,320,103,91,1.42
A052,860730,140245,50,33,25,4.9,4.6,3.5,3.8,8,ER,E3,0.13,0.203,97.7,100,8.3,140342,7,7,NA,NA,1.5,30,335,57,29,0.12
A052,860730,140245,50,33,25,3.7,4.3,4.4,3,8,ER,E3,0.13,0.203,97.7,100,8.3,140434,40,34,6.5,4,1.5,30,340,109,83,0.65
A052,860730,140245,50,33,25,4.1,3.9,3.2,3.6,8,ER,E3,0.13,0.203,97.7,100,8.3,140515,70,30.5,3.5,NA,2,30,350,150,130,0.74
A052,860730,140245,50,33,25,4.1,2.7,2.7,2.5,8,ER,E3,0.13,0.203,97.7,100,8.3,140546,93.5,25.5,NA,NA,2,30,360,181,166,0.82
A053,860730,145040,35,33,25,2.8,4,3.7,2.6,28,ER,E2,0.14,0.371,97.7,99,7.9,145111,16,16,7,8,1.5,30,360,31,16,0.52
A053,860730,145040,35,33,25,4.1,3,1.7,2.6,28,ER,E2,0.14,0.371,97.7,99,7.9,145141,36,21.5,6,8,1.5,30,340,61,46,0.72
A053,860730,145040,35,33,25,4.9,3.3,3.7,3.3,28,ER,E2,0.14,0.371,97.7,99,7.9,145234,78.5,43.5,NA,NA,2,45,325,114,88,0.82
A053,860730,145040,35,33,25,5.6,3,3.7,2.9,28,ER,E2,0.14,0.371,97.7,99,7.9,145258,103.5,25.5,NA,NA,2,45,325,138,126,1.06
A061,860730,141220,44,33,25,1.7,4.5,3,1.7,18,ER,E1,0.21,0.407,97.7,99,8.8,141232,7.5,7.5,NA,NA,3,80,315,12,6,0.63
A061,860730,141220,44,33,25,2.1,4.2,4,2,18,ER,E1,0.21,0.407,97.7,99,8.8,141310,30,14.5,1.5,2,3,80,320,50,31,0.38
A061,860730,141220,44,33,25,0.7,3.7,3.9,2.3,18,ER,E1,0.21,0.407,97.7,99,8.8,141440,43,12.5,NA,NA,2,90,320,140,95,0.14
A061,860730,141220,44,33,25,2.1,3.2,4.1,3.5,18,ER,E1,0.21,0.407,97.7,99,8.8,141523,63.5,20.5,3.5,3,3,45,300,183,162,0.48
A066,860730,145600,45,33,25,3.4,3.8,3.2,3.7,18,ER,E1,0.21,0.407,97.7,97,7,145628,9,9,NA,NA,5,60,335,28,14,0.32
A066,860730,145600,45,33,25,3.4,4.2,3.9,4,18,ER,E1,0.21,0.407,97.7,97,7,145654,33.5,25.5,25,10,5,60,295,54,41,0.98
A066,860730,145600,45,33,25,3,3.3,2.9,3.1,18,ER,E1,0.21,0.407,97.7,97,7,145726,74,37,NA,NA,6,60,310,86,70,1.16
A071,860804,113800,45,25,25,4.6,4.8,3.6,4.9,8,ER,E1,0.25,0.482,97.7,95,6.4,113823,13.1,13.1,7,10,3,60,335,23,12,0.57
A071,860804,113800,45,25,25,4.8,4.2,3.2,4.8,8,ER,E1,0.25,0.482,97.7,95,6.4,113834,21.9,9.1,10.8,10,3,60,330,34,29,0.83
A071,860804,113800,45,25,25,4.7,3.4,4.7,4.2,8,ER,E1,0.25,0.482,97.7,95,6.4,113901,55.4,33.3,NA,NA,3,60,325,61,48,1.23
A071,860804,113800,45,25,25,5.1,3.5,5.7,4.1,8,ER,E1,0.25,0.482,97.7,95,6.4,113916,71.3,15.1,2.8,NA,2.5,45,330,76,69,1.01
A071,860804,113800,45,25,25,5.6,5.3,5.3,5.3,8,ER,E1,0.25,0.482,97.7,95,6.4,113945,98.5,27.9,3.7,NA,2.5,45,320,105,91,0.96
A072,860804,115300,60,25,25,4.9,6.4,6.8,4.9,8,ER,E2,0.12,0.311,97.7,95,6.8,115324,17.8,17.8,7.9,10,3,60,345,24,12,0.74
A072,860804,115300,60,25,25,4.1,8.2,5.2,4.4,8,ER,E2,0.12,0.311,97.7,95,6.8,115341,35.1,17.3,7.3,10,3,60,330,41,33,1.02
A072,860804,115300,60,25,25,5.2,6.2,4.1,4.8,8,ER,E2,0.12,0.311,97.7,95,6.8,115406,62.9,27.8,6.1,NA,2.5,45,345,66,54,1.11
A072,860804,115300,60,25,25,5.1,4.7,4.7,4.2,8,ER,E2,0.12,0.311,97.7,95,6.8,115424,81.3,19,7.9,NA,2.5,45,360,84,75,1.06
A073,860804,121000,60,24,26,4.3,6.5,4.2,6.3,8,ER,E2,0.09,0.226,97.7,90,8.5,121027,22.3,22.3,2.5,5,1,40,300,27,14,0.83
A073,860804,121000,60,24,26,5.6,6.5,4.2,4.8,8,ER,E2,0.09,0.226,97.7,90,8.5,121048,42.1,20.2,4.3,5,1,40,305,48,38,0.96
A073,860804,121000,60,24,26,6.3,6.3,3.9,6,8,ER,E2,0.09,0.226,97.7,90,8.5,121113,67.4,25.3,2,4,1,40,300,73,61,1.01
A074,860804,114500,60,25,25,5.1,3.7,3,3.3,8,ER,E1,0.2,0.326,97.7,90,6.4,114527,12.3,12.3,NA,NA,3,40,340,27,14,0.46
A074,860804,114500,60,25,25,6.4,3.4,2.8,4,8,ER,E1,0.2,0.326,97.7,90,6.4,114558,34.2,22.6,2.4,5,3,40,330,58,43,0.73
A074,860804,114500,60,25,25,6.3,2.9,3,5.5,8,ER,E1,0.2,0.326,97.7,90,6.4,114623,63.1,28.9,NA,NA,4,40,330,83,71,1.16
A074,860804,114500,60,25,25,6.1,5.2,4.7,5.4,8,ER,E1,0.2,0.326,97.7,90,6.4,114645,91.5,29.2,3.6,7,4,40,330,105,94,1.33
A081,860804,121700,60,24,26,4.8,5.1,7.9,5.4,8,ER,E2,0.11,0.255,97.7,95,6.8,121722,15.1,15.1,5.8,NA,2,30,320,22,11,0.69
A081,860804,121700,60,24,26,6.6,5.3,7.7,6.3,8,ER,E2,0.11,0.255,97.7,95,6.8,121734,32.9,17.3,4.3,NA,2,30,350,34,28,1.44
A081,860804,121700,60,24,26,7.5,7.2,8,6,8,ER,E2,0.11,0.255,97.7,95,6.8,121750,56.9,29.4,5.1,NA,2,30,345,50,42,1.84
A081,860804,121700,60,24,26,8.3,6.8,7.8,5.2,8,ER,E2,0.11,0.255,97.7,95,6.8,121759,71.2,15.2,4.7,NA,2,30,340,59,55,1.69
A082,860804,125800,50,24,26,0,5.1,5.2,5.4,8,ER,E1,0.26,0.326,97.7,100,6.6,125827,11.8,11.8,6.7,NA,4,45,335,27,14,0.44
A082,860804,125800,50,24,26,0,3.1,4.7,5.6,8,ER,E1,0.26,0.326,97.7,100,6.6,125835,22.9,11.7,11.1,NA,4,45,345,35,31,1.46
A082,860804,125800,50,24,26,0,2.9,3.9,4.7,8,ER,E1,0.26,0.326,97.7,100,6.6,125852,45.9,23.2,13.6,NA,4,45,330,52,44,1.36
A082,860804,125800,50,24,26,0,3.6,4,3.8,8,ER,E1,0.26,0.326,97.7,100,6.6,125903,61.2,15.4,9.8,NA,4,45,335,63,58,1.4
A082,860804,125800,50,24,26,0,3.6,3.8,4,8,ER,E1,0.26,0.326,97.7,100,6.6,125913,76.3,15,9.9,NA,3.5,60,335,73,68,1.5
A083,860804,130400,60,24,26.5,3.9,4.8,4.7,3.9,8,ER,E2,0.2,0.284,97.7,90,6.8,130431,21.8,21.8,8.2,9,2,35,320,31,16,0.7
A083,860804,130400,60,24,26.5,5.5,4.6,4.2,4.1,8,ER,E2,0.2,0.284,97.7,90,6.8,130453,42.5,21.2,4,9,2,35,320,53,42,0.96
A083,860804,130400,60,24,26.5,6.7,4.5,5,4.2,8,ER,E2,0.2,0.284,97.7,90,6.8,130505,59.2,16.3,NA,NA,1,30,320,65,59,1.36
A084,860804,122300,60,24,26,5.5,5.4,4.5,3,8,ER,E3,0.11,0.157,97.7,90,8,122326,15.6,15.6,3.5,6,1,30,330,26,13,0.6
A084,860804,122300,60,24,26,5.8,4.8,3.9,2.7,8,ER,E3,0.11,0.157,97.7,90,8,122339,27.1,11.9,5.9,6,1,30,320,39,33,0.92
A084,860804,122300,60,24,26,5,5.6,4.3,3.8,8,ER,E3,0.11,0.157,97.7,90,8,122402,66.4,38.9,2.8,5,0.8,20,320,62,51,1.69
A084,860804,122300,60,24,26,4.8,4.9,4.8,4,8,ER,E3,0.11,0.157,97.7,90,8,122421,91.3,25.7,NA,NA,0.8,20,320,81,72,1.35
A091,860804,131100,60,24,26.5,3.5,4.5,3.8,4.1,8,ER,E1,0.25,0.332,97.7,100,6.6,131128,19,19,4.5,NA,3,45,320,28,14,0.68
A091,860804,131100,60,24,26.5,5,3.1,3.4,4.6,8,ER,E1,0.25,0.332,97.7,100,6.6,131157,53,33,10,NA,3,45,315,57,43,1.14
A092,860804,131600,50,24,26.5,4.6,6,6.8,0,8,ER,E3,0.11,0.24,97.7,90,8,131627,15.8,15.8,4,4,0.6,30,330,27,14,0.59
A092,860804,131600,50,24,26.5,5.1,5.9,6.4,0,8,ER,E3,0.11,0.24,97.7,90,8,131641,27.9,13.3,5.8,4,0.6,30,330,41,34,0.95
A092,860804,131600,50,24,26.5,5,5.6,7.1,0,8,ER,E3,0.11,0.24,97.7,90,8,131714,66.2,38.2,5.7,4,1,35,335,74,58,1.16
A121,860801,110600,62,51,26.5,2.6,1.7,2.2,2.7,78,ER,E1,0.18,0.368,97.7,100,7.6,110719,15.5,15.5,7,NA,3,80,360,79,40,0.2
A121,860801,110600,62,51,26.5,2.2,4.6,3.8,3.7,78,ER,E1,0.18,0.368,97.7,100,7.6,110751,50,34,4,8,3,45,360,111,95,1.06
A121,860801,110600,62,51,26.5,1.4,5,3.9,3.4,78,ER,E1,0.18,0.368,97.7,100,7.6,110851,88,54,6,6,3,45,360,171,141,0.9
A141,860804,141500,60,23,27,3.8,4.2,4.3,3.9,0,ER,E3,0.12,0.286,97.7,97,2.7,141523,21.3,21.3,6.8,NA,1.5,20,330,23,12,0.93
A141,860804,141500,60,23,27,4.3,4.3,2.6,3.6,0,ER,E3,0.12,0.286,97.7,97,2.7,141545,48.9,27.5,7.2,NA,1.5,20,330,45,34,1.25
A141,860804,141500,60,23,27,4.4,6,2.9,3.2,0,ER,E3,0.12,0.286,97.7,97,2.7,141607,78.8,29.8,6.6,NA,1.5,20,330,67,56,1.35
A141,860804,141500,60,23,27,3.9,6.6,2.8,3,0,ER,E3,0.12,0.286,97.7,97,2.7,141621,91.5,17.5,NA,NA,1.5,20,350,81,74,1.25
A142,860804,143100,60,23,27.5,6.4,4.3,5.8,5.5,0,ER,E1,0.23,0.334,97.7,90,7.2,143131,18.7,18.7,9.8,NA,4,25,330,31,16,0.6
A142,860804,143100,60,23,27.5,6.6,5.1,5.8,6.6,0,ER,E1,0.23,0.334,97.7,90,7.2,143150,46.9,27.9,10.3,NA,4,25,340,50,41,1.47
A142,860804,143100,60,23,27.5,7.6,5.9,7.9,7.1,0,ER,E1,0.23,0.334,97.7,90,7.2,143201,69.3,24.3,14,NA,4,25,320,61,56,2.21
A142,860804,143100,60,23,27.5,7.5,9.9,8.4,6.4,0,ER,E1,0.23,0.334,97.7,90,7.2,143208,81.6,12,3,NA,4,25,330,68,65,1.71
A143,860804,143700,60,23,27.5,5.3,5.4,4.4,4.6,8,ER,E3,0.1,0.232,97.7,90,7.2,143720,18.2,18.2,3.8,4,1,40,355,20,10,0.91
A143,860804,143700,60,23,27.5,4.3,5,5.3,4.8,8,ER,E3,0.1,0.232,97.7,90,7.2,143739,35.8,17.8,3,4,1,40,360,39,30,0.94
A143,860804,143700,60,23,27.5,3.6,5.4,4.5,4.8,8,ER,E3,0.1,0.232,97.7,90,7.2,143759,53,17.8,2.8,4,1,40,335,59,49,0.89
A143,860804,143700,60,23,27.5,5.3,5.2,5,5.7,8,ER,E3,0.1,0.232,97.7,90,7.2,143817,68.2,16.3,8.2,3,1,30,325,77,68,0.91
A144,860804,142100,60,23,27,4.4,3.9,3.7,4.1,8,ER,E1,0.31,0.409,97.7,90,7.2,142123,17.9,17.9,4.3,8,4,60,330,23,12,0.78
A144,860804,142100,60,23,27,4.2,3.3,2.9,4.2,8,ER,E1,0.31,0.409,97.7,90,7.2,142141,41.1,24.3,5.3,8,4,60,310,41,32,1.35
A144,860804,142100,60,23,27,4.7,5,4.1,5.3,8,ER,E1,0.31,0.409,97.7,90,7.2,142157,73.4,32.9,2.5,8,4,50,330,57,49,2.06
A151,860804,145700,60,23,27.5,5,4,4.3,4.1,0,ER,E2,0.11,0.335,97.7,100,7.4,145715,13,13,7,NA,1,20,330,15,8,0.87
A151,860804,145700,60,23,27.5,5.6,5,5.3,4.6,0,ER,E2,0.11,0.335,97.7,100,7.4,145736,39,24,11,NA,1,20,285,36,26,1.14
A151,860804,145700,60,23,27.5,6.1,5.2,5.2,6.5,0,ER,E2,0.11,0.335,97.7,100,7.4,145753,59,21,10,NA,1,20,320,53,45,1.24
A154,860804,150200,60,23,27.5,5.1,4.5,6.3,4.7,8,ER,E1,0.3,0.452,97.7,90,7.4,150229,22.5,22.5,13,8,4,70,330,29,15,0.78
A154,860804,150200,60,23,27.5,6.9,5.4,5.3,3.7,8,ER,E1,0.3,0.452,97.7,90,7.4,150247,52,31,18,8,4,70,320,47,38,1.72
A154,860804,150200,60,23,27.5,5.5,6.9,4.9,3.3,8,ER,E1,0.3,0.452,97.7,90,7.4,150259,73,20.5,12,8,4,70,320,59,53,1.71
A152,860805,110600,50,34,23,5.2,5,6.1,2.1,48,ER,E2,0.09,0.4,97.7,95,8.4,110633,9,9,4,NA,1.5,45,280,33,17,0.27
A152,860805,110600,50,34,23,5.6,6.4,5.6,1.8,48,ER,E2,0.09,0.4,97.7,95,8.4,110657,37,24,13,NA,1.5,30,260,57,45,1
A152,860805,110600,50,34,23,5.7,6.7,5.6,1.4,48,ER,E2,0.09,0.4,97.7,95,8.4,110723,60,23,5,NA,1.5,30,270,83,70,0.88
A152,860805,110600,50,34,23,4.6,6.1,5.1,2.1,48,ER,E2,0.09,0.4,97.7,95,8.4,110755,85.5,32.5,5,NA,1.5,30,285,115,99,1.02
A153,860805,111300,50,34,23,2.5,6,7,5.1,18,ER,E2,0.11,0.334,97.7,90,8.4,111322,9,9,7,8,1,30,290,22,11,0.41
A153,860805,111300,50,34,23,2.4,6.1,7.5,5.7,18,ER,E2,0.11,0.334,97.7,90,8.4,111338,23.5,14.7,NA,NA,1,30,290,38,30,0.92
A153,860805,111300,50,34,23,2.7,6.6,7,5.4,18,ER,E2,0.11,0.334,97.7,90,8.4,111354,42,32,7,6,1,25,295,54,46,2
A153,860805,111300,50,34,23,3,6.6,7.8,4.6,18,ER,E2,0.11,0.334,97.7,90,8.4,111409,61,19,NA,NA,1,25,295,69,62,1.27
A153,860805,111300,50,34,23,1.8,6.3,7.4,4.9,18,ER,E2,0.11,0.334,97.7,90,8.4,111428,75,33,9,6,1,25,295,88,79,1.74
B032,860805,123200,50,30,24.5,4.6,4.6,4.3,5.1,38,TH,T2,0.17,0.376,122.4,95,12.1,123228,23.8,23.8,8.2,5,1,45,315,28,14,0.85
B032,860805,123200,50,30,24.5,4.3,5.1,3.4,4,38,TH,T2,0.17,0.376,122.4,95,12.1,123245,41.3,17.9,3.3,5,1,45,315,45,37,1.05
B032,860805,123200,50,30,24.5,4.4,4.9,5.4,5.9,38,TH,T2,0.17,0.376,122.4,95,12.1,123319,74.5,33.5,NA,NA,2,45,315,79,62,0.99
B032,860805,123200,50,30,24.5,6.2,6.5,4.6,6.7,38,TH,T2,0.17,0.376,122.4,95,12.1,123341,96.1,21.4,NA,NA,2,45,315,101,90,0.97
B032,860805,123200,50,30,24.5,7.2,6.3,5.1,6,38,TH,T2,0.17,0.376,122.4,95,12.1,123353,107.5,11.5,6,6,2,45,325,113,107,0.96
B033,860805,123700,50,30,24.5,5.5,4.4,4.3,4.9,0,TH,T2,0.23,0.387,122.4,95,12.1,123727,17.6,17.6,9.7,NA,1.5,20,315,27,14,0.65
B033,860805,123700,50,30,24.5,5.2,3.8,3.6,4.8,0,TH,T2,0.23,0.387,122.4,95,12.1,123748,40.3,22.8,5.2,NA,1.5,20,315,48,38,1.09
B033,860805,123700,50,30,24.5,5.3,4.2,3.3,3.5,0,TH,T2,0.23,0.387,122.4,95,12.1,123804,56.4,17.2,8,NA,2.5,30,315,64,56,1.08
B033,860805,123700,50,30,24.5,5.2,4.1,3.4,3.3,0,TH,T2,0.23,0.387,122.4,95,12.1,123820,71.9,17,5,NA,2.5,30,330,80,72,1.06
B033,860805,123700,50,30,24.5,3.2,2.5,2.9,3.2,0,TH,T2,0.23,0.387,122.4,95,12.1,123922,91,21,2,NA,1,60,300,142,111,0.34
B033,860805,123700,50,30,24.5,5,2,3.8,3.2,0,TH,T2,0.23,0.387,122.4,95,12.1,123954,97.1,9.2,2,NA,1,60,285,174,158,0.29
B033,860805,123700,50,30,24.5,5.9,3,5.5,2.9,0,TH,T2,0.23,0.387,122.4,95,12.1,124026,107.5,11.2,NA,NA,1,60,315,206,190,0.35
B041,860805,124800,50,30,24.5,4.5,4.6,7.2,3.9,28,TH,T3,0.17,0.365,122.4,95,12.1,124826,18.1,18.1,2.8,5,1,35,305,26,13,0.7
B041,860805,124800,50,30,24.5,6.7,3.7,7.3,4.1,28,TH,T3,0.17,0.365,122.4,95,12.1,124842,34.7,16.8,4.6,5,1,35,290,42,34,1.05
B041,860805,124800,50,30,24.5,6,4.8,7,4.3,28,TH,T3,0.17,0.365,122.4,95,12.1,124905,57.8,23.8,10.7,5,1,30,305,65,54,1.03
B041,860805,124800,50,30,24.5,4.6,3.4,6.6,5,28,TH,T3,0.17,0.365,122.4,95,12.1,124923,78.9,21.8,7,5,1,30,305,83,74,1.21
B041,860805,124800,50,30,24.5,5,4.4,6.5,3.5,28,TH,T3,0.17,0.365,122.4,95,12.1,124934,93,13.9,9.7,5,1,30,305,94,89,1.26
B042,860805,130600,50,30,25,4.3,4.3,3.9,4.1,38,TH,T2,0.26,0.383,122.4,90,9,130627,17.6,17.6,5.3,8,2,50,310,27,14,0.65
B042,860805,130600,50,30,25,4.2,4.7,5.8,4.6,38,TH,T2,0.26,0.383,122.4,90,9,130701,51.9,34.3,4.9,7.5,1,30,310,61,44,1.01
B042,860805,130600,50,30,25,4.6,8.1,6.3,4.9,38,TH,T2,0.26,0.383,122.4,90,9,130731,82.5,30.1,4.8,7.5,1,30,310,91,76,1
B042,860805,130600,50,30,25,4.8,7.4,6.9,4.2,38,TH,T2,0.26,0.383,122.4,90,9,130747,100.1,17.9,5.4,7.5,1,30,310,107,99,1.12
B043,860805,131100,50,30,25,2.9,6.2,5.8,0,0,TH,T1,0.38,0.441,122.4,95,9,131126,23.1,23.1,7.8,NA,4.5,45,320,26,13,0.89
B043,860805,131100,50,30,25,2.7,6.8,6.8,0,0,TH,T1,0.38,0.441,122.4,95,9,131140,39.8,18,8.7,NA,4.5,45,320,40,33,1.29
B043,860805,131100,50,30,25,3.7,8.1,6.9,0,0,TH,T1,0.38,0.441,122.4,95,9,131203,75.6,36.5,5.2,NA,5,45,330,63,52,1.59
B043,860805,131100,50,30,25,3.3,8.1,5.8,0,0,TH,T1,0.38,0.441,122.4,95,9,131212,85.3,9.7,NA,NA,5,45,315,72,68,1.08
B044,860805,125500,50,30,24.5,4.3,3.6,3.1,4.5,68,TH,T3,0.19,0.413,122.4,90,12.1,125524,11.2,11.2,7.1,NA,2,20,315,24,12,0.47
B044,860805,125500,50,30,24.5,4.8,5,4.4,6.5,68,TH,T3,0.19,0.413,122.4,90,12.1,125550,35.9,24.9,6.1,NA,2,20,305,50,37,0.96
B044,860805,125500,50,30,24.5,5.7,7.6,6,7,68,TH,T3,0.19,0.413,122.4,90,12.1,125622,81.9,46.4,11,NA,1.5,20,325,82,66,1.45
B044,860805,125500,50,30,24.5,5.6,10,6.8,5.2,68,TH,T3,0.19,0.413,122.4,90,12.1,125636,103.9,23,9.2,NA,1.5,20,315,96,89,1.64
B044,860805,125500,50,30,24.5,4.7,9.9,6.2,4.3,68,TH,T3,0.19,0.413,122.4,90,12.1,125646,116.7,13.2,NA,NA,1.5,20,325,106,101,1.32
B091,860806,114300,50,26,23,4.8,3.4,4,3.4,0,TH,T1,0.28,0.443,122.4,90,9.2,114322,4.5,4.5,NA,NA,3,40,315,22,11,0.2
B091,860806,114300,50,26,23,5.7,3,3.5,3.8,0,TH,T1,0.28,0.443,122.4,90,9.2,114358,33,29,6,NA,4,30,315,58,40,0.81
B091,860806,114300,50,26,23,4.3,2.1,3.1,3.5,0,TH,T1,0.28,0.443,122.4,90,9.2,114439,71,38,8,NA,4,30,315,99,79,0.93
B091,860806,114300,50,26,23,4.3,3.2,3.5,4.1,0,TH,T1,0.28,0.443,122.4,90,9.2,114459,89.5,19,11.5,NA,3,30,315,119,109,0.95
B091,860806,114300,50,26,23,3.5,3.2,3.2,1.1,0,TH,T1,0.28,0.443,122.4,90,9.2,114507,94,4.5,6,NA,3,30,315,127,123,0.56
B092,860806,115706,50,25,24,4.4,3.4,4.2,1.8,0,TH,T2,0.14,0.538,122.4,85,9.2,115729,8,8,NA,NA,1.5,30,295,23,12,0.35
B092,860806,115706,50,25,24,3.7,4,4.3,3.1,0,TH,T2,0.14,0.538,122.4,85,9.2,115751,26,18,9,NA,1.5,30,310,45,34,0.82
B092,860806,115706,50,25,24,3.9,6.1,5.4,4.5,0,TH,T2,0.14,0.538,122.4,85,9.2,115815,46.5,21.5,6.8,NA,1.5,30,310,69,57,0.9
B092,860806,115706,50,25,24,4.9,5,5.3,3.5,0,TH,T2,0.14,0.538,122.4,85,9.2,115856,70,22.8,6,8,1.5,30,330,110,90,0.56
B092,860806,115706,50,25,24,5.9,5.5,4.8,3.2,0,TH,T2,0.14,0.538,122.4,85,9.2,115923,82,12.5,5,NA,2,30,310,137,124,0.46
B092,860806,115706,50,25,24,6.3,5,6,3.3,0,TH,T2,0.14,0.538,122.4,85,9.2,115943,92,10.5,6.2,2,5,30,310,157,147,0.53
B093,860806,120800,50,25,24,2.7,4.6,1.7,5.2,0,TH,T2,0.22,0.411,122.4,95,9.2,120823,9.5,9.5,NA,NA,1.5,20,290,23,12,0.41
B093,860806,120800,50,25,24,3.3,4.7,3.3,3.7,0,TH,T2,0.22,0.411,122.4,95,9.2,120843,20,11.8,6.5,NA,2,30,285,43,33,0.59
B093,860806,120800,50,25,24,2.2,4.4,4.8,2.8,0,TH,T2,0.22,0.411,122.4,95,9.2,120908,29.5,9.8,4,NA,2,30,285,68,56,0.39
B093,860806,120800,50,25,24,3,3.6,5.1,2.8,0,TH,T2,0.22,0.411,122.4,95,9.2,120927,41.5,11.5,5.6,NA,2,30,285,87,78,0.61
B093,860806,120800,50,25,24,3.5,3.3,4.7,2.9,0,TH,T2,0.22,0.411,122.4,95,9.2,120959,63,22.5,4.5,NA,2,30,285,119,103,0.7
B093,860806,120800,50,25,24,4,4,3.7,2.4,0,TH,T2,0.22,0.411,122.4,95,9.2,121009,89,25,5.5,NA,2,30,285,129,124,2.5
B093,860806,120800,50,25,24,3.3,4.1,3.4,2,0,TH,T2,0.22,0.411,122.4,95,9.2,121025,95,7,NA,NA,2,30,285,145,137,0.44
B094,860806,114900,50,26,23,4.2,3.8,5.2,5,8,TH,T3,0.18,0.414,122.4,90,9.2,114920,10,10,NA,NA,2,20,310,20,10,0.5
B094,860806,114900,50,26,23,3.7,4.1,4.3,5.3,8,TH,T3,0.18,0.414,122.4,90,9.2,114936,21.2,11,10.5,NA,2,20,300,36,28,0.69
B094,860806,114900,50,26,23,3.7,3.6,2.7,4.5,8,TH,T3,0.18,0.414,122.4,90,9.2,114955,43,22.4,15,NA,2,20,300,55,46,1.18
B094,860806,114900,50,26,23,4.3,4,5.1,5.4,8,TH,T3,0.18,0.414,122.4,90,9.2,115011,82,39,8,NA,2,20,305,71,63,2.44
B094,860806,114900,50,26,23,3.8,4.7,5.1,4.2,8,TH,T3,0.18,0.414,122.4,90,9.2,115032,96,15,7,NA,2,20,305,92,82,0.71
B094,860806,114900,50,26,23,4.2,4.8,5.3,3.2,8,TH,T3,0.18,0.414,122.4,90,9.2,115047,96,15,7,NA,2,20,300,107,100,1
B101,860806,122500,50,25,24,3.1,2.2,3.4,4.4,0,TH,T3,0.11,0.501,122.4,85,10.8,122556,16.3,16.3,3.9,10,1.5,30,290,56,28,0.29
B101,860806,122500,50,25,24,6,3.3,4.7,4,0,TH,T3,0.11,0.501,122.4,85,10.8,122619,54.4,38.5,2.8,NA,2,30,295,79,68,1.67
B101,860806,122500,50,25,24,7.3,6.2,5.4,3.6,0,TH,T3,0.11,0.501,122.4,85,10.8,122640,101.6,46.6,9,NA,2,30,290,100,90,2.22
B102,860806,124503,50,24,24.5,4.2,4.8,3.2,3.2,0,TH,T2,0.13,0.392,122.4,85,10.8,124531,15.3,15.3,2,1.5,2,30,340,28,14,0.55
B102,860806,124503,50,24,24.5,5,4.9,3.8,4,0,TH,T2,0.13,0.392,122.4,85,10.8,124555,33.7,23.3,14,NA,1.5,60,325,52,40,0.97
B102,860806,124503,50,24,24.5,5.2,7.4,3.9,5.3,0,TH,T2,0.13,0.392,122.4,85,10.8,124609,50.3,12.7,9.2,NA,1.5,60,325,66,59,0.91
B102,860806,124503,50,24,24.5,6.3,6.9,4,3.7,0,TH,T2,0.13,0.392,122.4,85,10.8,124631,69.8,19.8,4.5,NA,1.5,60,325,88,77,0.9
B102,860806,124503,50,24,24.5,5,5.5,4,3.2,0,TH,T2,0.13,0.392,122.4,85,10.8,124712,93.1,24.2,5.5,NA,1.5,60,335,129,109,0.59
B103,860806,125200,50,24,24.5,4.1,4.4,2.5,3.4,8,TH,T3,0.17,0.43,122.4,85,10.8,125220,15.1,15.1,5,NA,2,30,360,20,10,0.76
B103,860806,125200,50,24,24.5,3.6,4.4,3.1,3.4,8,TH,T3,0.17,0.43,122.4,85,10.8,125237,27.8,13.8,6.7,NA,2,30,340,37,29,0.81
B103,860806,125200,50,24,24.5,3.5,3.7,3.8,2.7,8,TH,T3,0.17,0.43,122.4,85,10.8,125251,41.8,15.5,11.2,NA,2,30,340,51,44,1.11
B103,860806,125200,50,24,24.5,3.8,3.3,2.8,2.6,8,TH,T3,0.17,0.43,122.4,85,10.8,125319,66.2,24.8,6,NA,2,30,340,79,65,0.89
B103,860806,125200,50,24,24.5,5.8,2.8,3,2.6,8,TH,T3,0.17,0.43,122.4,85,10.8,125330,75.6,9.8,3,NA,2,30,345,90,85,0.89
B104,860806,123900,50,24,24.5,3,2.7,1.7,3.1,0,TH,T1,0.33,0.488,122.4,95,10.8,123924,11.3,11.3,7.7,NA,3,30,310,24,12,0.47
B104,860806,123900,50,24,24.5,3.4,4.2,1.8,4,0,TH,T1,0.33,0.488,122.4,95,10.8,123940,29.2,18.5,14.3,NA,3,30,340,40,32,1.16
B104,860806,123900,50,24,24.5,4.2,3.1,2.8,3.9,0,TH,T1,0.33,0.488,122.4,95,10.8,123956,50.6,21.4,5.4,NA,3,30,345,56,48,1.34
B104,860806,123900,50,24,24.5,4.8,3.1,2.5,2.5,0,TH,T1,0.33,0.488,122.4,95,10.8,124011,64,14.8,7.8,NA,3,30,310,71,64,0.99
B104,860806,123900,50,24,24.5,5.6,3.8,2.6,2.4,0,TH,T1,0.33,0.488,122.4,95,10.8,124027,76.2,15.1,3.2,NA,3,30,305,87,79,0.94
B111,860806,132610,50,24,25,2.8,3.9,3,1.3,0,TH,T3,0.15,0.276,122.4,85,7,132641,4,4,2,5,1,40,345,31,16,0.13
B111,860806,132610,50,24,25,1.9,2.5,3.4,1.9,0,TH,T3,0.15,0.276,122.4,85,7,132705,13,10,5,5,1,40,345,55,43,0.42
B111,860806,132610,50,24,25,2.8,1.4,3.4,1.9,0,TH,T3,0.15,0.276,122.4,85,7,132751,32,19.2,4.5,5,1,40,345,101,78,0.42
B111,860806,132610,50,24,25,3,3.3,5.5,4.9,0,TH,T3,0.15,0.276,122.4,85,7,132814,51,19.5,7,10,1.5,40,345,124,113,0.85
B111,860806,132610,50,24,25,5.3,6.1,6,5.3,0,TH,T3,0.15,0.276,122.4,85,7,132844,85,34,11,10,1.5,30,345,154,139,1.13
B114,860806,133100,50,24,25.5,2.6,4.1,2.5,2.8,0,TH,T3,0.14,0.326,122.4,90,7,133124,11,11,3.7,NA,1.5,45,310,24,12,0.46
B114,860806,133100,50,24,25.5,2.2,4.1,2.2,2.7,0,TH,T3,0.14,0.326,122.4,90,7,133152,23.2,13.9,2.7,6,1,45,340,52,38,0.5
B114,860806,133100,50,24,25.5,3.5,3.4,2.9,3.5,0,TH,T3,0.14,0.326,122.4,90,7,133244,55.2,31.7,4,6,1,45,320,104,78,0.61
B114,860806,133100,50,24,25.5,3.1,3.9,2.9,4,0,TH,T3,0.14,0.326,122.4,90,7,133316,72.5,21.5,4,6,1,45,320,136,120,0.67
B114,860806,133100,50,24,25.5,3.3,5.6,3.1,3.8,0,TH,T3,0.14,0.326,122.4,90,7,133340,88.4,17.5,2.6,NA,1,45,290,160,148,0.73
B173,860815,114200,50,34,28.5,1.7,2.1,1.9,2.7,8,TH,T1,0.56,0.487,122.4,85,6,114225,12.3,12.3,3,NA,2,60,350,25,13,0.49
B173,860815,114200,50,34,28.5,1.7,1.1,1.5,1.6,8,TH,T1,0.56,0.487,122.4,85,6,114308,28.8,16.6,2.8,NA,3,45,290,68,47,0.39
B173,860815,114200,50,34,28.5,2.8,0.3,3.7,2.2,8,TH,T1,0.56,0.487,122.4,85,6,114336,41.6,17.7,5.9,NA,3,45,300,96,82,0.63
B173,860815,114200,50,34,28.5,2.5,2.5,3.8,3.1,8,TH,T1,0.56,0.487,122.4,85,6,114415,74.1,33,8.7,NA,4,45,320,135,116,0.85
B184,860815,120400,50,33,29,1.2,1.7,2.4,1.5,8,TH,T1,0.47,0.401,122.4,90,6,120427,6.2,6.2,1.4,2,1.5,60,280,27,14,0.23
B184,860815,120400,50,33,29,1.3,1.4,1.6,1.6,8,TH,T1,0.47,0.401,122.4,90,6,120645,39.8,37.3,3.7,3,2.5,60,345,165,96,0.27
B184,860815,120400,50,33,29,2.5,1.9,2.6,2.9,8,TH,T1,0.47,0.401,122.4,90,6,120715,58.1,27.8,3.7,3,2.5,60,280,195,180,0.93
B184,860815,120400,50,33,29,2.2,3.9,2.8,2.1,8,TH,T1,0.47,0.401,122.4,90,6,120757,79.3,22.5,2.2,2.5,4,75,300,237,216,0.54
B184,860815,120400,50,33,29,1.7,3,3.1,1.5,8,TH,T1,0.47,0.401,122.4,90,6,120901,97.7,19,2.3,2.5,4,75,300,301,269,0.3
B184,860815,120400,50,33,29,1.9,1.5,3.7,2.6,8,TH,T1,0.47,0.401,122.4,90,6,121002,112.1,15.1,2.1,2.5,4,75,300,362,332,0.25
B201,860815,132700,50,33,30.5,3.6,2,4.1,3.5,8,TH,T3,0.18,0.482,122.4,90,5.5,132726,8.7,8.7,6,4,1,70,270,26,13,0.33
B201,860815,132700,50,33,30.5,2.4,3.2,2.4,3.2,8,TH,T3,0.18,0.482,122.4,90,5.5,132756,27.7,8,9,8,1,40,270,56,41,0.27
B201,860815,132700,50,33,30.5,3.4,4,3.6,3.6,8,TH,T3,0.18,0.482,122.4,90,5.5,132831,57.5,31.5,6,8,1,40,270,91,74,0.9
B201,860815,132700,50,33,30.5,3.1,4.9,5.4,3.2,8,TH,T3,0.18,0.482,122.4,90,5.5,132858,81,23.5,7,8,1,40,280,118,105,0.87
B201,860815,132700,50,33,30.5,3.8,5.2,4.7,4.2,8,TH,T3,0.18,0.482,122.4,90,5.5,132934,113,33,7,8,1,40,255,154,136,0.92
B202,860815,133400,50,33,30.5,2.7,3.5,5.3,3.6,8,TH,T3,0.13,0.474,122.4,90,5.5,133426,8,8,4.5,3,2,45,265,26,13,0.31
B202,860815,133400,50,33,30.5,3.3,3.4,4.2,2.8,8,TH,T3,0.13,0.474,122.4,90,5.5,133455,29,21.8,6.5,3,1.5,45,230,55,41,0.75
B202,860815,133400,50,33,30.5,3,3.8,2.9,4,8,TH,T3,0.13,0.474,122.4,90,5.5,133522,50,19.8,6,3,1.5,45,230,82,69,0.73
B202,860815,133400,50,33,30.5,2,3.4,3.8,2.2,8,TH,T3,0.13,0.474,122.4,90,5.5,133716,97,52,7,4,1.5,60,265,196,139,0.46
B202,860815,133400,50,33,30.5,1.2,1.3,2.8,3.2,8,TH,T3,0.13,0.474,122.4,90,5.5,133830,137,40,5,4,1.5,60,270,270,233,0.54
B202,860815,133400,50,33,30.5,1.4,1.1,4,1,8,TH,T3,0.13,0.474,122.4,90,5.5,133856,151,14,NA,NA,2,60,280,296,283,0.54
B211,860815,142300,70,33,31,1.9,0.9,2.6,3.9,8,TH,T3,0.09,0.557,122.4,95,5.5,142327,9.2,9.2,6.7,5,1.5,60,270,27,14,0.34
B211,860815,142300,70,33,31,0.7,1.5,2.8,3.3,8,TH,T3,0.09,0.557,122.4,95,5.5,142353,27.3,19.7,7.6,5,1,45,300,53,40,0.76
B211,860815,142300,70,33,31,3,0.9,3.1,3.2,8,TH,T3,0.09,0.557,122.4,95,5.5,142429,54,28.2,16.5,8,1,45,300,89,71,0.78
B211,860815,142300,70,33,31,3.1,2.6,4.1,2.7,8,TH,T3,0.09,0.557,122.4,95,5.5,142526,89.4,33.5,7.2,8,1,40,285,146,118,0.59
B211,860815,142300,70,33,31,3.1,3.2,3.1,3.4,8,TH,T3,0.09,0.557,122.4,95,5.5,142611,112.1,22.8,NA,NA,1,40,280,191,169,0.51
B212,860816,125700,50,44,30,0.6,1.2,1.2,1.2,68,TH,T3,0.08,0.431,122.4,85,5.3,125734,4.1,4.1,1,3,1.5,60,180,34,17,0.12
B212,860816,125700,50,44,30,2.1,1.3,1.9,1,68,TH,T3,0.08,0.431,122.4,85,5.3,125814,32.6,30.2,1.7,NA,1,120,220,74,54,0.76
B212,860816,125700,50,44,30,2.3,1.9,2.7,2.6,68,TH,T3,0.08,0.431,122.4,85,5.3,130016,54,24.8,4.2,NA,1,60,220,196,135,0.2
B212,860816,125700,50,44,30,3,1.7,3.5,3.2,68,TH,T3,0.08,0.431,122.4,85,5.3,130116,82.5,36.5,NA,NA,1,60,230,256,226,0.61
B213,860816,124900,50,44,30,2.1,3.4,3.8,3,68,TH,T3,0.1,0.608,122.4,85,5.3,124935,14,14,2.8,2,1.5,70,265,35,18,0.4
B213,860816,124900,50,44,30,1.7,3.1,2.7,1.8,68,TH,T3,0.1,0.608,122.4,85,5.3,125030,31.4,16.8,4,2,1.5,60,275,90,63,0.31
B213,860816,124900,50,44,30,2.6,4.2,3.5,1.3,68,TH,T3,0.1,0.608,122.4,85,5.3,125114,47,15.7,8.4,2,1.5,60,275,134,112,0.36
B213,860816,124900,50,44,30,3.1,3.6,4.6,3.7,68,TH,T3,0.1,0.608,122.4,85,5.3,125210,84.9,37.9,2,3,2,60,275,190,162,0.68
B214,860815,141407,50,33,31,1.4,1.9,3.7,1.7,8,TH,T1,0.36,0.423,122.4,90,5.5,141444,6.8,6.8,3.2,NA,2,60,280,37,19,0.18
B214,860815,141407,50,33,31,3.2,2.5,3.5,1.6,8,TH,T1,0.36,0.423,122.4,90,5.5,141517,32.1,30,5,NA,3,60,270,70,54,0.91
B214,860815,141407,50,33,31,3.4,2.4,2.3,2.7,8,TH,T1,0.36,0.423,122.4,90,5.5,141630,81.8,65.9,3,NA,4,60,280,143,107,0.9
B214,860815,141407,50,33,31,1.6,3.3,2.4,2.6,8,TH,T1,0.36,0.423,122.4,90,5.5,141830,110.2,28.9,NA,NA,4,60,280,263,203,0.24
B221,860816,131700,50,45,30,1.3,1.9,3.6,2.5,68,TH,T3,0.16,0.465,122.4,85,7.4,131728,4,4,2,2,1,60,200,28,14,0.14
B221,860816,131700,50,45,30,1.5,2,2.5,1.5,68,TH,T3,0.16,0.465,122.4,85,7.4,131941,24.5,23,1,1,1,60,205,161,95,0.17
B221,860816,131700,50,45,30,1.7,2.8,3.1,1.8,68,TH,T3,0.16,0.465,122.4,85,7.4,132057,25.5,4,NA,NA,1,60,205,237,199,0.05
B221,860816,131700,50,45,30,2.6,1.8,3.5,1.7,68,TH,T3,0.16,0.465,122.4,85,7.4,132130,45,15.2,13,3,1,60,200,270,254,0.46
B221,860816,131700,50,45,30,2.5,2.4,2.2,2.4,68,TH,T3,0.16,0.465,122.4,85,7.4,132206,48.8,12.5,4,1,1,60,205,306,288,0.35
B221,860816,131700,50,45,30,1.9,2.2,3.4,2.8,68,TH,T3,0.16,0.465,122.4,85,7.4,132300,72,22,3,3,1,60,190,360,333,0.41
B221,860816,131700,50,45,30,1.2,1.9,4.2,3.8,68,TH,T3,0.16,0.465,122.4,85,7.4,132334,86,14.5,NA,NA,1,60,190,394,377,0.43
B224,860816,130800,53,45,30,1.7,1.9,1.3,1.2,68,TH,T2,0.14,0.393,122.4,85,7.4,130832,10,10,5,3,2,60,210,32,16,0.31
B224,860816,130800,53,45,30,2.9,2.1,1.6,1.5,68,TH,T2,0.14,0.393,122.4,85,7.4,130902,23.2,13,6,4,2,60,210,62,47,0.43
B224,860816,130800,53,45,30,2.7,3.4,1.8,2.4,68,TH,T2,0.14,0.393,122.4,85,7.4,130936,37,13,8,4,2,60,210,96,79,0.38
B224,860816,130800,53,45,30,2.5,2.9,2.3,2.7,68,TH,T2,0.14,0.393,122.4,85,7.4,131030,67.5,31,7,4,2,60,210,150,123,0.57
B224,860816,130800,53,45,30,2.6,2.6,1.8,2.2,68,TH,T2,0.14,0.393,122.4,85,7.4,131132,91,23.5,5,4,2,60,210,212,181,0.38
B224,860816,130800,53,45,30,2.9,3.8,3.1,2.8,68,TH,T2,0.14,0.393,122.4,85,7.4,131220,108,18,2,4,2,60,210,260,236,0.38
E03,860817,125500,134,47,29.3,5,6,5.3,4.7,48,ER,E1,0.19,0.465,97.7,85,10,125558,32.6,32.6,7.3,2,1.5,45,310,58,29,0.56
E03,860817,125500,134,47,29.3,4.7,3.6,3.9,5.8,48,ER,E1,0.19,0.465,97.7,85,10,125729,123.3,95.4,13.1,2.5,2,45,280,149,104,1.05
E03,860817,125500,134,47,29.3,6.4,4.5,4.7,7.6,48,ER,E1,0.19,0.465,97.7,85,10,125800,182.8,60.4,NA,NA,2,45,280,180,165,1.95
E04,860816,113400,100,50,30.9,3.5,2.9,2.5,2.3,48,ER,E1,0.2,0.438,97.7,85,9.4,113449,26.1,26.1,8,2,2.5,45,245,49,25,0.53
E04,860816,113400,100,50,30.9,2.1,2.8,2,3.6,48,ER,E1,0.2,0.438,97.7,85,9.4,113525,65.7,42.1,8.7,3.5,2,75,250,85,67,1.17
E04,860816,113400,100,50,30.9,1.3,2.6,1.5,2.2,48,ER,E1,0.2,0.438,97.7,85,9.4,113748,115.7,52.2,NA,NA,0.5,120,235,228,157,0.37
E04,860816,113400,100,50,30.9,1.8,3.8,1.9,2.6,48,ER,E1,0.2,0.438,97.7,85,9.4,113828,122.5,11.3,NA,NA,1,75,240,268,248,0.28
E04,860816,113400,100,50,30.9,2.7,3.1,2.5,2.5,48,ER,E1,0.2,0.438,97.7,85,9.4,113919,141.4,20.7,5.1,NA,1,75,235,319,294,0.41
E04,860816,113400,100,50,30.9,2,3.7,3,3.3,48,ER,E1,0.2,0.438,97.7,85,9.4,113947,161.7,26.1,10.9,NA,1,75,230,347,333,0.93
E05,860817,122100,100,47,30,4.9,7.4,7.1,5.6,28,ER,E1,0.22,0.334,97.7,85,10,122147,19.6,19.6,4.4,2,1,45,295,47,24,0.42
E05,860817,122100,100,47,30,4.2,5.6,5.5,3.9,28,ER,E1,0.22,0.334,97.7,85,10,122236,58.7,37,NA,NA,2.5,30,280,96,72,0.76
E05,860817,122100,100,47,30,4.4,5.9,4.2,5.3,28,ER,E1,0.22,0.334,97.7,85,10,122318,100.1,41.3,NA,NA,3,30,280,138,117,0.98
E05,860817,122100,100,47,30,4.6,7.4,6.9,4.8,28,ER,E1,0.22,0.334,97.7,85,10,122357,149.4,48.6,NA,NA,3,30,275,177,158,1.25
E05,860817,122100,100,47,30,4,4.8,5.8,4.3,28,ER,E1,0.22,0.334,97.7,85,10,122417,174.3,17.5,NA,NA,3,30,270,197,187,0.88
E09,860817,130700,174,47,29.3,3.6,4.2,5,3.4,38,ER,E1,0.13,0.377,97.7,95,9.3,130814,29,29,7.3,8,3,40,295,74,37,0.39
E09,860817,130700,174,47,29.3,4.6,2.6,6.7,4.9,38,ER,E1,0.13,0.377,97.7,95,9.3,130852,74,48.6,12.3,8,3,40,280,112,93,1.28
E09,860817,130700,174,47,29.3,5.6,2.4,6.7,5.4,38,ER,E1,0.13,0.377,97.7,95,9.3,130919,115.7,32.6,NA,NA,3.5,40,285,139,126,1.21
E09,860817,130700,174,47,29.3,4.6,3.4,6,4.3,38,ER,E1,0.13,0.377,97.7,95,9.3,130946,156.6,41.3,NA,NA,3.5,40,285,166,153,1.53
E09,860817,130700,174,47,29.3,4.9,5.4,5.6,4.1,38,ER,E1,0.13,0.377,97.7,95,9.3,131007,185.4,30.7,NA,NA,3.5,40,285,187,177,1.46
E10,860816,111500,100,55,30,3.5,3.6,3.8,3.3,58,ER,E1,0.25,0.484,97.7,85,9.5,111600,38.4,38.4,5.8,1.5,1,60,175,60,30,0.64
E10,860816,111500,100,55,30,3.2,3.9,4.6,3,58,ER,E1,0.25,0.484,97.7,85,9.5,111625,66,26.1,13.1,2,2.5,60,165,85,73,1.04
E10,860816,111500,100,55,30,3.7,3.2,5.1,3.8,58,ER,E1,0.25,0.484,97.7,85,9.5,111711,108,42.8,NA,NA,1,60,170,131,108,0.93
E10,860816,111500,100,55,30,2.6,3.2,4.8,3.6,58,ER,E1,0.25,0.484,97.7,85,9.5,111802,137.8,32.6,NA,NA,1,60,165,182,157,0.64
E10,860816,111500,100,55,30,2.7,3.3,4.1,2.4,58,ER,E1,0.25,0.484,97.7,85,9.5,111848,157.5,21.7,NA,NA,1,60,170,228,205,0.47
E11,860817,122800,100,47,30,6.4,6.9,5,5.4,28,ER,E1,0.37,0.566,97.7,100,10.2,122849,29.7,29.7,11.6,10,3.8,45,300,49,25,0.61
E11,860817,122800,100,47,30,5.4,5.7,3.3,5.4,28,ER,E1,0.37,0.566,97.7,100,10.2,122942,83.4,53.1,NA,NA,2,45,310,102,76,1
E11,860817,122800,100,47,30,5.4,4.5,3.7,5.3,28,ER,E1,0.37,0.566,97.7,100,10.2,123054,142.8,59.5,NA,NA,2,50,300,174,138,0.83
E11,860817,122800,100,47,30,6.4,3.8,7.2,5.4,28,ER,E1,0.37,0.566,97.7,100,10.2,123200,190.7,47.9,NA,NA,1,40,305,240,207,0.73
E11,860817,122800,100,47,30,5.5,5.3,2.4,5.2,28,ER,E1,0.37,0.566,97.7,100,10.2,123257,217.4,30.7,NA,NA,1,40,280,297,269,0.54
E14,860814,125300,100,42,29,3.7,3,3.1,3.5,48,ER,E1,0.17,0.269,97.7,95,6.1,125348,21.5,21.5,4.4,3,1,50,265,48,24,0.45
E14,860814,125300,100,42,29,4.7,3,3.6,1.1,48,ER,E1,0.17,0.269,97.7,95,6.1,125413,39.9,20.3,NA,NA,1,80,220,73,61,0.81
E14,860814,125300,100,42,29,2.8,2.7,1.5,1.3,48,ER,E1,0.17,0.269,97.7,95,6.1,125456,59.5,16.7,NA,NA,1,80,285,116,95,0.39
E14,860814,125300,100,42,29,2.6,2.1,1.4,2.4,48,ER,E1,0.17,0.269,97.7,95,6.1,125530,74.7,28.3,4.4,2,1,70,210,150,133,0.83
E14,860814,125300,100,42,29,4.1,1.6,3.1,3.1,48,ER,E1,0.17,0.269,97.7,95,6.1,125614,108,41.3,NA,NA,1,50,220,194,172,0.94
E14,860814,125300,100,42,29,2.6,3.5,3.9,1.8,48,ER,E1,0.17,0.269,97.7,95,6.1,125643,131.2,16.7,NA,NA,1,50,250,223,209,0.58
E14,860814,125300,100,42,29,3.4,3.9,2.6,1.4,48,ER,E1,0.17,0.269,97.7,95,6.1,125755,169.4,38.9,NA,NA,1,45,250,295,259,0.54
E14,860814,125300,100,42,29,2.1,3,1.7,0.8,48,ER,E1,0.17,0.269,97.7,95,6.1,125839,185.6,18.9,NA,NA,1,40,265,339,317,0.43
E14,860814,125300,100,42,29,2,3.8,1,3.3,48,ER,E1,0.17,0.269,97.7,95,6.1,125905,186,17,NA,NA,1,40,270,365,352,0.65
E15,860817,132600,165,47,29.9,3.5,3.4,3.1,2.6,68,ER,E1,0.29,0.358,97.7,85,9.3,132741,34.3,34.3,NA,NA,1.5,60,295,101,51,0.34
E15,860817,132600,165,47,29.9,3.6,2,3.4,2.5,68,ER,E1,0.29,0.358,97.7,85,9.3,132830,72.1,44.3,5,2,2,45,305,150,126,0.9
E15,860817,132600,165,47,29.9,3.7,4.1,3.8,4.9,68,ER,E1,0.29,0.358,97.7,85,9.3,132908,117.9,49.3,8.6,2,3,45,305,188,169,1.3
E15,860817,132600,165,47,29.9,4.4,6.3,5,4,68,ER,E1,0.29,0.358,97.7,85,9.3,132945,186.6,65.1,NA,NA,3,45,290,225,207,1.76
E16,860817,134000,150,47,30.5,4.2,3.1,2.1,2,78,ER,E1,0.27,0.366,97.7,95,9.3,134109,26.3,26.3,4.4,6,2,45,280,69,35,0.38
E16,860817,134000,150,47,30.5,4.1,4.5,2.8,3.4,78,ER,E1,0.27,0.366,97.7,95,9.3,134158,58.3,42.3,NA,NA,2,45,320,118,94,0.86
E16,860817,134000,150,47,30.5,5.5,3.7,5.3,4.2,78,ER,E1,0.27,0.366,97.7,95,9.3,134309,94.2,53.3,NA,NA,3,50,245,189,154,0.75
E16,860817,134000,150,47,30.5,6.3,5.9,5.5,3.7,78,ER,E1,0.27,0.366,97.7,95,9.3,134346,131.1,37.2,NA,NA,3,50,265,226,208,1.01
E16,860817,134000,150,47,30.5,5,5.4,3.3,3.7,78,ER,E1,0.27,0.366,97.7,95,9.3,134440,185.4,57.7,NA,NA,2,50,285,280,253,1.07
E17,860817,135200,150,47,30.5,5.1,5.4,3.6,3.6,78,ER,E1,0.35,0.445,97.7,85,9.3,135305,44.2,44.2,8,2,3,45,300,65,33,0.68
E17,860817,135200,150,47,30.5,5.3,4.2,2.8,3.5,78,ER,E1,0.35,0.445,97.7,85,9.3,135337,86.3,41.8,11.6,2,3,45,300,97,81,1.31
E17,860817,135200,150,47,30.5,4.9,2.5,2.9,3.6,78,ER,E1,0.35,0.445,97.7,85,9.3,135406,122.5,41,7.3,3.5,3,30,300,126,112,1.41
E17,860817,135200,150,47,30.5,4.7,4.3,2.9,2.2,78,ER,E1,0.35,0.445,97.7,85,9.3,135459,182.7,57.3,NA,NA,3,30,290,179,153,1.08
E17,860817,135200,150,47,30.5,4.7,5.6,3.5,3.6,78,ER,E1,0.35,0.445,97.7,85,9.3,135630,214.6,31.9,NA,NA,2,30,290,270,225,0.35
E18,860817,151400,90,45,31.5,4.4,4.4,2.5,3.3,68,ER,E1,0.49,0.331,97.7,85,8.9,151454,36.3,36.3,8,4,3,45,290,54,27,0.67
E18,860817,151400,90,45,31.5,4,3.6,3.5,2.1,68,ER,E1,0.49,0.331,97.7,85,8.9,151526,75.4,43.5,NA,NA,2,45,325,86,70,1.36
E18,860817,151400,90,45,31.5,3.9,4.8,3.2,2,68,ER,E1,0.49,0.331,97.7,85,8.9,151615,121.1,47.1,NA,NA,2,45,315,135,111,0.96
E18,860817,151400,90,45,31.5,3.3,4.9,3.1,1.7,68,ER,E1,0.49,0.331,97.7,85,8.9,151635,148.2,21.7,8.1,NA,2,45,315,155,145,1.09
E21,860817,141800,150,47,29.5,3.7,3.8,3.1,2.7,68,ER,E1,0.22,0.392,97.7,95,9.4,141919,32.6,32.6,4.4,10,5,80,255,79,40,0.41
E21,860817,141800,150,47,29.5,4.7,5.1,4.4,3.1,68,ER,E1,0.22,0.392,97.7,95,9.4,142002,74,44.2,4.4,10,2,80,260,122,101,1.03
E21,860817,141800,150,47,29.5,5.8,4.5,3.9,3.3,68,ER,E1,0.22,0.392,97.7,95,9.4,142124,168.2,87.7,NA,NA,1.5,60,295,204,163,1.07
E22,860817,143800,100,47,29.5,3.2,2.4,1.8,1.2,48,ER,E1,0.33,0.448,97.7,85,9.1,143903,18.1,18.1,5.1,1.5,2,60,230,63,32,0.29
E22,860817,143800,100,47,29.5,3.5,1.9,3.3,3.4,48,ER,E1,0.33,0.448,97.7,85,9.1,143955,37,21.8,4.4,1.5,2,60,290,115,89,0.42
E22,860817,143800,100,47,29.5,4.3,3,2.2,2.4,48,ER,E1,0.33,0.448,97.7,85,9.1,144033,68.9,35.5,5.8,4,2.5,45,310,153,134,0.93
E22,860817,143800,100,47,29.5,2.9,5.2,3.2,2.9,48,ER,E1,0.33,0.448,97.7,85,9.1,144128,123.3,50,1.5,3,2,45,315,208,181,0.91
E22,860817,143800,100,47,29.5,2.9,3.8,3.2,2,48,ER,E1,0.33,0.448,97.7,85,9.1,144205,155.2,27.6,NA,NA,2.5,45,315,245,227,0.75
B241,860818,110300,50,38,29,4,5,4.7,4.7,18,ER,E3,0.11,0.209,97.7,90,7.7,110350,30.3,30.3,5.8,10,2,30,255,50,25,0.61
B241,860818,110300,50,38,29,4.8,4.8,5.5,4.7,18,ER,E3,0.11,0.209,97.7,90,7.7,110418,56.2,25.9,7.8,10,1,45,255,78,64,0.93
B241,860818,110300,50,38,29,3.5,4.7,4.8,4,18,ER,E3,0.11,0.209,97.7,90,7.7,110452,89.3,32.1,4.3,10,1,45,255,112,95,0.94
B241,860818,110300,50,38,29,2.1,3.8,4.7,4.7,18,ER,E3,0.11,0.209,97.7,90,7.7,110521,111.3,22.8,5,10,1,45,255,141,127,0.79
B242,860818,122100,50,36,30.5,4.2,4.7,3.9,2.9,18,ER,E2,0.17,0.355,97.7,90,7.7,122122,9.1,9.1,NA,NA,0.4,60,255,22,11,0.41
B242,860818,122100,50,36,30.5,4.1,4.1,3.7,4.4,18,ER,E2,0.17,0.355,97.7,90,7.7,122159,30.1,21.7,NA,NA,0.3,60,280,59,41,0.59
B242,860818,122100,50,36,30.5,4.1,4.7,5.1,4.1,18,ER,E2,0.17,0.355,97.7,90,7.7,122309,75.9,45.7,NA,NA,0.4,50,280,129,94,0.65
B243,860818,121600,50,36,30.5,3.5,3.7,4.9,3.7,58,ER,E3,0.11,0.117,97.7,100,7.7,121625,9.9,9.9,3.2,3,0.5,40,230,25,13,0.4
B243,860818,121600,50,36,30.5,3.7,4.2,2.8,2.9,58,ER,E3,0.11,0.117,97.7,100,7.7,121709,45.9,35.9,6.3,3,0.5,35,220,69,47,0.82
B243,860818,121600,50,36,30.5,4.9,3.7,5.8,5,58,ER,E3,0.11,0.117,97.7,100,7.7,121742,74.9,30.5,3.6,2,1,35,240,102,86,0.92
B243,860818,121600,50,36,30.5,3.3,4.7,6.7,4,58,ER,E3,0.11,0.117,97.7,100,7.7,121808,99.7,24.5,3.7,2,1,35,240,128,115,0.94
B244,860818,110300,50,38,29,4.7,4.7,4.3,4.5,88,ER,E1,0.42,0.435,97.7,95,7.7,110350,26.9,26.9,4.3,10,2,50,255,50,25,0.54
B244,860818,110300,50,38,29,4.7,5.5,5.4,4.8,88,ER,E1,0.42,0.435,97.7,95,7.7,110418,50.7,23.1,13.2,6,2,60,255,78,64,0.83
B244,860818,110300,50,38,29,4,4.8,5.7,5,88,ER,E1,0.42,0.435,97.7,95,7.7,110452,82.5,33.1,7.2,6,2,60,250,112,95,0.97
B244,860818,110300,50,38,29,4.7,4.7,5,3.7,88,ER,E1,0.42,0.435,97.7,95,7.7,110521,97.3,18.5,13.1,8,1.5,60,280,141,127,0.64
B301,860818,112600,50,38,29,4.8,6.3,5.2,4,78,TH,T1,0.41,0.472,122.4,95,6.9,112634,20.2,20.2,2.7,10,4,45,260,34,17,0.59
B301,860818,112600,50,38,29,4.3,5.4,5.3,5.6,78,TH,T1,0.41,0.472,122.4,95,6.9,112659,58.2,39.8,14.1,12,4,45,220,59,47,1.59
B301,860818,112600,50,38,29,4.6,3.2,5.5,5.3,78,TH,T1,0.41,0.472,122.4,95,6.9,112717,80.2,23.2,6.8,12,4,45,260,77,68,1.29
B301,860818,112600,50,38,29,4.6,4.5,6.3,5.3,78,TH,T1,0.41,0.472,122.4,95,6.9,112735,99,19,4.3,12,4,45,245,95,86,1.06
B301,860818,112600,50,38,29,4.4,5.4,7.2,5.1,78,TH,T1,0.41,0.472,122.4,95,6.9,112806,126.5,29.7,NA,NA,4,45,245,126,111,0.96
B302,860818,120000,50,36,30.5,3.1,3.1,3.2,2.8,58,ER,E2,0.11,0.253,97.7,100,6.9,120035,26.6,26.6,7.4,3,1,50,275,35,18,0.76
B302,860818,120000,50,36,30.5,2.9,2.2,2.8,2.4,58,ER,E2,0.11,0.253,97.7,100,6.9,120101,44.2,19.5,8.1,5,1,45,275,61,48,0.75
B302,860818,120000,50,36,30.5,2.6,2.1,2.9,2.4,58,ER,E2,0.11,0.253,97.7,100,6.9,120123,59.9,15.7,6.3,5,1,45,275,83,72,0.71
B302,860818,120000,50,36,30.5,3.8,3.7,4.4,3.7,58,ER,E2,0.11,0.253,97.7,100,6.9,120147,69.5,12.4,5,1,5,45,275,107,95,0.52
B302,860818,120000,50,36,30.5,4.4,4.7,4.8,4.7,58,ER,E2,0.11,0.253,97.7,100,6.9,120208,82,12.2,5.7,5,1,45,275,128,118,0.58
B303,860818,120000,50,34,36,2.8,3.2,3.3,3.5,58,ER,E3,0.1,0.166,97.7,90,6.9,120035,9.2,9.2,2.4,5,1,45,275,35,18,0.26
B303,860818,120000,50,34,36,2.4,2.8,3.1,4.2,58,ER,E3,0.1,0.166,97.7,90,6.9,120101,22.6,12.6,4.4,5,1,45,275,61,48,0.48
B303,860818,120000,50,34,36,2.4,2.9,3.7,3.5,58,ER,E3,0.1,0.166,97.7,90,6.9,120123,38.4,17.2,4.1,10,1,45,275,83,72,0.78
B303,860818,120000,50,34,36,3.7,4.4,3.5,3,58,ER,E3,0.1,0.166,97.7,90,6.9,120147,58.5,20,4.5,10,1,45,275,107,95,0.83
B303,860818,120000,50,34,36,4.7,4.8,3,5,58,ER,E3,0.1,0.166,97.7,90,6.9,120208,80.8,22,4.8,10,1,45,275,128,118,1.05
B304,860818,112600,50,38,29,4,5.2,3,3.1,78,TH,T2,0.12,0.36,122.4,85,6.9,112634,12.7,12.7,3.9,10,1,45,235,34,17,0.37
B304,860818,112600,50,38,29,5.6,5.3,3.2,3.2,78,TH,T2,0.12,0.36,122.4,85,6.9,112659,34.1,22.2,4.6,10,1,45,235,59,47,0.89
B304,860818,112600,50,38,29,5.3,5.5,3.4,3.9,78,TH,T2,0.12,0.36,122.4,85,6.9,112717,34.1,22.2,4.6,10,1,30,235,77,68,1.23
B304,860818,112600,50,38,29,5.3,6.3,4,5.3,78,TH,T2,0.12,0.36,122.4,85,6.9,112735,69.5,17.3,7.5,10,1,30,235,95,86,0.96
C04,860821,130100,70,14,33.5,4.3,3.5,5,2.8,8,TH,T1,0.31,0.47,122.4,90,2.8,130139,34,34,25,4,3,45,265,39,20,0.87
C04,860821,130100,70,14,33.5,4.4,2.4,4.4,3.9,8,TH,T1,0.31,0.47,122.4,90,2.8,130222,101,66,17,4,4,40,265,82,61,1.53
C04,860821,130100,70,14,33.5,4.4,2.1,5.2,3.5,8,TH,T1,0.31,0.47,122.4,90,2.8,130253,168,67,28,4,NA,40,265,113,98,2.16
C04,860821,130100,70,14,33.5,3.4,4.2,6,4.6,8,TH,T1,0.31,0.47,122.4,90,2.8,130314,201,33,13,4,NA,45,265,134,124,1.57
C04,860821,130100,70,14,33.5,3.7,4.5,6.4,5.4,8,TH,T1,0.31,0.47,122.4,90,2.8,130335,253,52,17,4,NA,45,265,155,145,2.48
C04,860821,130100,70,14,33.5,4.2,3.9,5.4,4.8,8,TH,T1,0.31,0.47,122.4,90,2.8,130415,308,57,9,4,NA,45,265,195,175,1.43
C05,860821,134000,100,14,34.5,3.6,3.1,4.7,0,8,TH,T1,0.34,0.413,122.4,90,2.8,134119,36.3,36.3,8.7,3,2.5,60,290,79,40,0.46
C05,860821,134000,100,14,34.5,3.9,2.4,4.7,0,8,TH,T1,0.34,0.413,122.4,90,2.8,134152,66.7,29.7,7.3,3,2.5,60,280,112,96,0.9
C05,860821,134000,100,14,34.5,3.8,2.1,5.5,0,8,TH,T1,0.34,0.413,122.4,90,2.8,134303,129.1,66,7.5,4,3,60,280,183,148,0.93
C05,860821,134000,100,14,34.5,3.1,3.5,6.6,0,8,TH,T1,0.34,0.413,122.4,90,2.8,134335,171.8,48.6,NA,NA,3,60,265,215,199,1.52
C05,860821,134000,100,14,34.5,4.2,5.8,6.6,0,8,TH,T1,0.34,0.413,122.4,90,2.8,134403,205.9,32.2,NA,NA,3,60,265,243,229,1.15
C09,860821,131800,70,14,35,3.4,4.3,4.6,4,8,TH,T1,0.52,0.501,122.4,95,2.8,131836,18.9,18.9,9.4,7,4,60,250,36,18,0.53
C09,860821,131800,70,14,35,2.8,3.2,4.8,5.5,8,TH,T1,0.52,0.501,122.4,95,2.8,131914,68.9,51.5,16.7,8,5,45,275,74,55,1.36
C09,860821,131800,70,14,35,3.6,4,5,5.1,8,TH,T1,0.52,0.501,122.4,95,2.8,131950,98.6,30,8.7,8,5,45,280,110,92,0.83
C09,860821,131800,70,14,35,4.7,4.9,5.6,5.2,8,TH,T1,0.52,0.501,122.4,95,2.8,132013,118,20.3,5.1,8,4,45,280,133,122,0.88
C09,860821,131800,70,14,35,3.4,5.4,6.4,4.1,8,TH,T1,0.52,0.501,122.4,95,2.8,132037,134.1,14.9,NA,NA,4,60,280,157,145,0.62
C09,860821,131800,70,14,35,3.8,5.6,5.6,4.3,8,TH,T1,0.52,0.501,122.4,95,2.8,132159,178.3,44.1,7.9,3,3,80,280,239,198,0.54
C09,860821,131800,70,14,35,3.1,4,4.3,3,8,TH,T1,0.52,0.501,122.4,95,2.8,132233,193.9,20.3,8,2,3,80,300,273,256,0.6
C09,860821,131800,70,14,35,3.8,3.1,3.1,3.5,8,TH,T1,0.52,0.501,122.4,95,2.8,132326,204.5,12.6,4.8,2,3,80,305,326,300,0.24
C09,860821,131800,70,14,35,3.7,3.6,2.9,3.3,8,TH,T1,0.52,0.501,122.4,95,2.8,132350,216.1,11.3,6.5,2,3,80,305,350,338,0.47
C10,860821,135200,100,14,34.5,0,4.3,3.9,2.2,8,TH,T1,0.53,0.458,122.4,80,2.8,135237,25.4,25.4,10.2,NA,1.2,20,260,37,19,0.69
C10,860821,135200,100,14,34.5,0,4.6,4.5,2.4,8,TH,T1,0.53,0.458,122.4,80,2.8,135308,77.6,51.5,10.2,NA,5,20,270,68,53,1.66
C10,860821,135200,100,14,34.5,0,5.4,4.1,3.1,8,TH,T1,0.53,0.458,122.4,80,2.8,135349,142.1,68.2,8.7,NA,5,20,250,109,89,1.66
C10,860821,135200,100,14,34.5,0,6.4,4.2,3,8,TH,T1,0.53,0.458,122.4,80,2.8,135409,178.4,37,13.1,NA,5,30,260,129,119,1.85
C10,860821,135200,100,14,34.5,0,5.2,4.5,3.6,8,TH,T1,0.53,0.458,122.4,80,2.8,135428,195.7,19.7,NA,NA,5,30,260,148,139,1.04
C011,860818,131200,45,35,31.5,1.9,3.5,4,3.6,38,TH,T1,0.51,0.37,122.4,85,6.5,131228,16.5,16.5,8,5,3,60,240,28,14,0.59
C011,860818,131200,45,35,31.5,3.4,2.3,4.6,4.4,38,TH,T1,0.51,0.37,122.4,85,6.5,131307,63,47,NA,NA,3,60,240,67,48,1.21
C011,860818,131200,45,35,31.5,2.6,2.4,6.3,3.7,38,TH,T1,0.51,0.37,122.4,85,6.5,131324,85.5,23,6,5,3,60,240,84,76,1.35
C012,860818,144400,47,33,32,0.7,0.9,1.8,2,68,TH,T2,0.24,0.361,122.4,95,6.5,144430,6,6,4,4,1,60,230,30,15,0.2
C012,860818,144400,47,33,32,1.9,2.1,1,1.9,68,TH,T2,0.24,0.361,122.4,95,6.5,144520,23,15,6,10,1.5,45,230,80,55,0.3
C012,860818,144400,47,33,32,2.7,1.8,1.9,2.5,68,TH,T2,0.24,0.361,122.4,95,6.5,144550,45,23,10,10,1.5,45,230,110,95,0.77
C012,860818,144400,47,33,32,2.3,2.9,1.6,2.8,68,TH,T2,0.24,0.361,122.4,95,6.5,144628,78,33,8,12,2,45,230,148,129,0.87
C012,860818,144400,47,33,32,2.3,2.8,2,3,68,TH,T2,0.24,0.361,122.4,95,6.5,144714,105,29,5,12,2,45,230,194,171,0.63
C013,860818,143700,51,33,32,2.1,3.2,4,1.7,28,ER,E1,0.35,0.3,97.7,85,6.5,143731,10,10,6,4,2,75,230,31,16,0.32
C013,860818,143700,51,33,32,2.7,2.6,1.7,2,28,ER,E1,0.35,0.3,97.7,85,6.5,143838,40,25,5,NA,2,90,230,98,65,0.37
C013,860818,143700,51,33,32,3.4,2.4,2.6,1.7,28,ER,E1,0.35,0.3,97.7,85,6.5,143940,61,16,4,NA,2,90,230,160,129,0.26
C013,860818,143700,51,33,32,3.2,2.6,2.4,2.3,28,ER,E1,0.35,0.3,97.7,85,6.5,144022,74,13,NA,NA,2,90,230,202,181,0.31
C014,860818,130800,50,35,31.5,3,4.8,2.3,2.9,68,ER,E1,0.34,0.277,97.7,100,6.5,130825,9,9,6,6,2,50,250,25,13,0.36
C014,860818,130800,50,35,31.5,2.7,3,2.9,3.1,68,ER,E1,0.34,0.277,97.7,100,6.5,130855,35.5,26,7,6,2,50,260,55,40,0.87
C014,860818,130800,50,35,31.5,4.3,4.1,3,3.9,68,ER,E1,0.34,0.277,97.7,100,6.5,130925,66,32,14,6,2,45,250,85,70,1.07
C014,860818,130800,50,35,31.5,3.3,4.9,5.4,3.8,68,ER,E1,0.34,0.277,97.7,100,6.5,130955,93,26.5,3,6,2,45,250,115,100,0.88
C021,860819,125500,50,27,32.5,2.2,3.8,3.9,2.4,8,TH,T1,0.39,0.336,122.4,100,5.7,125526,6,6,4,4,2,60,265,26,13,0.23
C021,860819,125500,50,27,32.5,2.3,3.2,3.1,2.6,8,TH,T1,0.39,0.336,122.4,100,5.7,125603,29,22,6,6,3,60,265,63,45,0.59
C021,860819,125500,50,27,32.5,2.4,4.3,3.1,2.9,8,TH,T1,0.39,0.336,122.4,100,5.7,125638,55,27,8,6,3,60,265,98,81,0.77
C021,860819,125500,50,27,32.5,3.1,4.9,3.4,3.9,8,TH,T1,0.39,0.336,122.4,100,5.7,125715,84.5,30,NA,NA,4,45,265,135,117,0.81
C022,860819,130800,50,26,32.5,1.9,1,2,2.5,8,TH,T1,0.46,0.33,122.4,100,5.7,130820,8,8,5,4,2,70,265,20,10,0.4
C022,860819,130800,50,26,32.5,2.1,1.3,1.6,3.5,8,TH,T1,0.46,0.33,122.4,100,5.7,130906,36,28.5,7,6,4,50,265,66,43,0.62
C022,860819,130800,50,26,32.5,2.8,1.9,3.6,4.4,8,TH,T1,0.46,0.33,122.4,100,5.7,130951,73,40,9,5,4,45,265,111,89,0.89
C022,860819,130800,50,26,32.5,3.4,2.4,5.6,4.8,8,TH,T1,0.46,0.33,122.4,100,5.7,131018,95,31,10,5,4,45,265,138,125,1.15
C023,860819,131800,50,26,32.5,3.1,3.3,5.5,3.8,8,TH,T2,0.21,0.406,122.4,100,5.7,131825,9.5,9.5,6.5,4,1,70,230,25,13,0.38
C023,860819,131800,50,26,32.5,4.2,4.4,5.4,4.2,8,TH,T2,0.21,0.406,122.4,100,5.7,131910,39,28.5,5,3,1,40,230,70,48,0.63
C023,860819,131800,50,26,32.5,2.9,4,5.2,4.3,8,TH,T2,0.21,0.406,122.4,100,5.7,131956,70.5,31.2,3,3,1,40,230,116,93,0.68
C024,860819,130100,50,26,32.5,2.7,4.6,3.1,3.6,8,TH,T1,0.4,0.307,122.4,90,5.7,130125,9.5,9.5,4.5,NA,3,60,275,25,13,0.38
C024,860819,130100,50,26,32.5,2.3,3.5,3.4,4.3,8,TH,T1,0.4,0.307,122.4,90,5.7,130204,39,30,12,NA,4,60,275,64,45,0.77
C024,860819,130100,50,26,32.5,3.8,4.3,5,3.7,8,TH,T1,0.4,0.307,122.4,90,5.7,130225,65,27.5,9,NA,4,60,275,85,75,1.31
C024,860819,130100,50,26,32.5,3.2,6.1,5,3.4,8,TH,T1,0.4,0.307,122.4,90,5.7,130253,99,34.5,8,NA,4,60,275,113,99,1.23
C031,860819,141500,50,27,33.5,3.3,2.7,2.3,2.5,8,TH,T1,0.43,0.371,122.4,100,5.4,141527,16.9,16.9,11.1,10,4,50,255,27,14,0.63
C031,860819,141500,50,27,33.5,5.7,3.1,2.1,4,8,TH,T1,0.43,0.371,122.4,100,5.4,141551,45.9,28.3,4.2,10,4,50,255,51,39,1.18
C031,860819,141500,50,27,33.5,4.9,5.2,4.8,4.6,8,TH,T1,0.43,0.371,122.4,100,5.4,141614,79.5,34,5.7,10,5,45,255,74,63,1.48
C031,860819,141500,50,27,33.5,4.3,4,7.8,5.6,8,TH,T1,0.43,0.371,122.4,100,5.4,141637,105.7,21,8.2,10,5,45,255,97,86,0.91
C034,860819,140700,50,26,33,1.8,1.6,2.6,2.1,8,TH,T2,0.18,0.282,122.4,85,5.4,140726,15.4,15.4,4.3,4,1.5,45,300,26,13,0.59
C034,860819,140700,50,26,33,2.5,3.4,3.4,3.9,8,TH,T2,0.18,0.282,122.4,85,5.4,140824,45.9,33.3,16.3,4,1.3,45,300,84,55,0.57
C034,860819,140700,50,26,33,4.2,3.5,5,3.3,8,TH,T2,0.18,0.282,122.4,85,5.4,140841,62.2,15.2,10.6,4,1.3,45,300,101,93,0.89
C061,860818,130000,50,35,31.5,5.4,5.8,5.9,3.4,28,ER,E3,0.13,0.26,97.7,85,6.2,130031,13.8,13.9,5.3,10,1.5,30,260,31,16,0.45
C061,860818,130000,50,35,31.5,5.5,5.3,6.7,4.5,28,ER,E3,0.13,0.26,97.7,85,6.2,130106,57.3,43,11.5,10,2,45,260,66,49,1.23
C061,860818,130000,50,35,31.5,4,6.7,7.4,2.9,28,ER,E3,0.13,0.26,97.7,85,6.2,130128,88.2,30.7,5.3,10,2,45,260,88,77,1.4
C061,860818,130000,50,35,31.5,3.7,4.6,6.1,3,28,ER,E3,0.13,0.26,97.7,85,6.2,130137,99,11.2,NA,NA,2,45,260,97,93,1.24
C062,860818,142900,50,33,32,1.7,1.5,2.5,1.8,78,ER,E2,0.24,0.271,97.7,100,6.2,142930,10,10,2.1,3,2,45,225,30,15,0.33
C062,860818,142900,50,33,32,2.4,2.8,1.8,2.3,78,ER,E2,0.24,0.271,97.7,100,6.2,143009,31.8,22.2,3,5,3,45,255,69,50,0.57
C062,860818,142900,50,33,32,2.7,3.8,3.1,3.5,78,ER,E2,0.24,0.271,97.7,100,6.2,143038,55,24.1,3.1,5,3,45,225,98,84,0.83
C062,860818,142900,50,33,32,3.4,3.3,2.5,4.7,78,ER,E2,0.24,0.271,97.7,100,6.2,143050,78.3,23.3,5.8,5,4,45,225,110,104,1.94
C062,860818,142900,50,33,32,3.4,3.6,4,3.7,78,ER,E2,0.24,0.271,97.7,100,6.2,143150,118,45,6,5,4,45,255,170,140,0.75
C063,860818,142100,50,33,32,3.2,5.2,3.6,2.5,18,ER,E2,0.18,0.211,97.7,85,6.2,142125,8.9,8.9,1.2,5,1.5,60,225,25,13,0.36
C063,860818,142100,50,33,32,2.7,3.6,4.3,3.1,18,ER,E2,0.18,0.211,97.7,85,6.2,142242,40.3,31.7,1,NA,NA,NA,225,102,64,0.41
C063,860818,142100,50,33,32,2.4,3.4,2.7,3.4,18,ER,E2,0.18,0.211,97.7,85,6.2,142316,49.2,9,3,NA,NA,NA,225,136,119,0.26
C064,860818,125600,50,35,31.5,3.9,4.4,3.9,5.3,68,ER,E3,0.21,0.283,97.7,95,6.2,125627,15.5,15.5,8,4,0.5,40,280,27,14,0.57
C064,860818,125600,50,35,31.5,4.1,4.9,4.3,5.1,68,ER,E3,0.21,0.283,97.7,95,6.2,125653,46.7,30.8,5.6,4,0.5,40,280,53,40,1.18
C064,860818,125600,50,35,31.5,3.5,5.2,5.1,5.1,68,ER,E3,0.21,0.283,97.7,95,6.2,125725,82.9,36.3,NA,NA,1,40,280,85,69,1.13
C064,860818,125600,50,35,31.5,3.6,5.5,5.1,4.8,68,ER,E3,0.21,0.283,97.7,95,6.2,125740,101.3,19.1,8.6,6,1,40,280,100,93,1.27
C071,860819,132900,100,26,35.1,4.8,3.3,3.9,4.6,8,ER,E1,0.29,0.267,97.7,85,5.7,132940,32.6,32.6,10.9,4,3,45,255,40,20,0.82
C071,860819,132900,100,26,35.1,3.8,3.4,5,4.5,8,ER,E1,0.29,0.267,97.7,85,5.7,133004,66.7,34.1,7.3,NA,3,45,270,64,52,1.42
C071,860819,132900,100,26,35.1,3.2,4.3,5.7,3.2,8,ER,E1,0.29,0.267,97.7,85,5.7,133025,100.2,34.5,8,NA,3,45,270,85,75,1.64
C071,860819,132900,100,26,35.1,3.7,5.1,5,2.9,8,ER,E1,0.29,0.267,97.7,85,5.7,133100,139.9,39.2,10.2,NA,3,45,270,120,103,1.12
C071,860819,132900,100,26,35.1,4.8,4.9,4.3,3.3,8,ER,E1,0.29,0.267,97.7,85,5.7,133150,205.9,68.9,8.7,NA,NA,45,240,170,145,1.38
C081,860819,135800,100,26,35.1,4.1,2.8,3.5,3.2,8,TH,T1,0.5,0.389,122.4,85,5.7,135830,9.4,9.4,3.6,4,3,60,300,30,15,0.31
C081,860819,135800,100,26,35.1,4.4,4.3,3.3,4.1,8,TH,T1,0.5,0.389,122.4,85,5.7,135903,36.3,26.1,5.8,4,4,60,305,63,47,0.79
C081,860819,135800,100,26,35.1,5.2,4,3.8,4.9,8,TH,T1,0.5,0.389,122.4,85,5.7,135928,55.1,27.6,8.7,4,4,60,270,88,76,1.1
C081,860819,135800,100,26,35.1,4.6,4.6,4.4,4.9,8,TH,T1,0.5,0.389,122.4,85,5.7,140000,100.8,45,8,3,4,60,265,120,104,1.41
C081,860819,135800,100,26,35.1,4.2,5.9,4.7,4.3,8,TH,T1,0.5,0.389,122.4,85,5.7,140054,130.5,29,8.7,3,4,60,270,174,147,0.54
C081,860819,135800,100,26,35.1,4.1,5.6,4.5,4.2,8,TH,T1,0.5,0.389,122.4,85,5.7,140143,179.5,51.2,13.1,3,4,60,275,223,199,1.04
C081,860819,135800,100,26,35.1,5.1,6.2,3.6,4.4,8,TH,T1,0.5,0.389,122.4,85,5.7,140207,201.5,21.8,8.7,3,4,60,265,247,235,0.91
C111,860818,132700,50,35,31.5,2.6,2.4,1.2,2.9,68,TH,T2,0.34,0.418,122.4,95,6.2,132723,10.5,10.5,5.9,6,1,50,270,23,12,0.46
C111,860818,132700,50,35,31.5,2.9,2.3,3.8,2.8,68,TH,T2,0.34,0.418,122.4,95,6.2,132811,34.8,24.3,8,8,2,45,280,71,47,0.51
C111,860818,132700,50,35,31.5,2.7,4,3,5.2,68,TH,T2,0.34,0.418,122.4,95,6.2,132843,64.6,30.3,4.8,8,3,45,290,103,87,0.95
C111,860818,132700,50,35,31.5,1.7,2.6,0.1,4.1,68,TH,T2,0.34,0.418,122.4,95,6.2,132920,78.5,14,2.3,1,0.5,80,290,140,122,0.38
C111,860818,132700,50,35,31.5,2.2,2.5,1.6,1.2,68,TH,T2,0.34,0.418,122.4,95,6.2,133037,93,16.3,2.5,1,0.5,80,290,217,179,0.21
C112,860818,145000,50,33,32,1.6,2.1,2.9,3,38,TH,T1,0.59,0.476,122.4,80,6.2,145028,12.2,12.2,3.3,5,2,60,235,28,14,0.44
C112,860818,145000,50,33,32,1.7,2,2,2.1,38,TH,T1,0.59,0.476,122.4,80,6.2,145143,42.2,31.7,2.4,3,2,90,215,103,66,0.42
C112,860818,145000,50,33,32,1.4,1.2,2.3,1.5,38,TH,T1,0.59,0.476,122.4,80,6.2,145349,61,19.3,1,1,1.5,90,210,229,166,0.15
C112,860818,145000,50,33,32,1.7,1.9,2.3,2.8,38,TH,T1,0.59,0.476,122.4,80,6.2,145440,81.6,24.3,4.9,2,2,90,255,280,255,0.48
C112,860818,145000,50,33,32,1.9,2.4,1.6,1.7,38,TH,T1,0.59,0.476,122.4,80,6.2,145545,104,22.2,2.4,2,2,75,255,345,313,0.34
C112,860818,145000,50,33,32,1.9,2.7,1.9,3.1,38,TH,T1,0.59,0.476,122.4,80,6.2,145603,113.2,11,2,2,2,75,235,363,354,0.61
CS04,860821,130000,0,14,33.5,3.6,3.4,4.6,3.4,8,TH,T1,0.31,0.47,122.4,90,2.9,130139,18,18,2,0.5,1.2,90,275,99,50,0.18
CS04,860821,130000,0,14,33.5,4.4,2.4,4.4,3.9,8,TH,T1,0.31,0.47,122.4,90,2.9,130222,36.5,19,3,0.5,1.2,95,275,142,121,0.44
CS04,860821,130000,0,14,33.5,4.4,2.1,5.2,3.5,8,TH,T1,0.31,0.47,122.4,90,2.9,130253,53.3,17,NA,NA,2,75,275,173,158,0.55
CS04,860821,130000,0,14,33.5,3.4,4.2,6,4.6,8,TH,T1,0.31,0.47,122.4,90,2.9,130314,64,11,5,NA,2,NA,275,194,184,0.52
CS04,860821,130000,0,14,33.5,3.7,4.5,6.4,5.4,8,TH,T1,0.31,0.47,122.4,90,2.9,130335,81,17,3,NA,2,65,275,215,205,0.81
CS04,860821,130000,0,14,33.5,4.2,3.9,5.4,4.8,8,TH,T1,0.31,0.47,122.4,90,2.9,130415,104,23,8,NA,4,65,275,255,235,0.58
CS72,860819,132900,0,26,35.1,4.8,3.3,3.9,4.6,8,ER,E1,0.29,0.267,97.7,92,5.7,132940,5.8,5.8,NA,NA,1,70,285,40,20,0.15
CS72,860819,132900,0,26,35.1,3.8,3.4,5,4.5,8,ER,E1,0.29,0.267,97.7,92,5.7,133004,15.2,7.3,1.5,2,2,50,295,64,52,0.3
CS72,860819,132900,0,26,35.1,3.2,4.3,5.7,3.2,8,ER,E1,0.29,0.267,97.7,92,5.7,133025,28.3,13.1,4.4,2,2,50,295,85,75,0.62
CS82,860819,135830,0,26,35.1,4.4,4.3,3.3,4.1,8,TH,T1,0.5,0.389,122.4,85,5.7,135903,8,8,2.2,1,2,80,270,33,17,0.24
CS82,860819,135830,0,26,35.1,5.2,4,3.8,4.9,8,TH,T1,0.5,0.389,122.4,85,5.7,135928,13.1,5.1,2.6,1,2,80,270,58,46,0.2
CS83,860819,135800,0,26,35.1,4.3,3.5,3.4,3.7,8,TH,T1,0.5,0.389,122.4,85,5.7,135903,10.2,10.2,2.3,NA,3,60,270,63,32,0.16
CS83,860819,135800,0,26,35.1,5.2,4,3.8,4.9,8,TH,T1,0.5,0.389,122.4,85,5.7,135928,18.3,8,3.6,NA,3,60,280,88,76,0.32
CS83,860819,135800,0,26,35.1,4.6,4.6,4.4,4.9,8,TH,T1,0.5,0.389,122.4,85,5.7,140000,39.5,19.6,4.4,NA,3,60,295,120,104,0.61
CS83,860819,135800,0,26,35.1,4.2,5.9,4.7,4.3,8,TH,T1,0.5,0.389,122.4,85,5.7,140054,37,28.3,3.6,NA,NA,60,270,174,147,0.52
CS83,860819,135800,0,26,35.1,4.1,5.6,4.5,4.2,8,TH,T1,0.5,0.389,122.4,85,5.7,140143,112.4,47.6,7.3,NA,NA,NA,295,223,199,0.97
CS83,860819,135800,0,26,35.1,5.1,6.2,3.6,4.4,8,TH,T1,0.5,0.389,122.4,85,5.7,140207,134.9,23.2,5.8,NA,NA,NA,305,247,235,0.97
CS83,860819,135800,0,26,35.1,3.9,6.7,3.5,4.5,8,TH,T1,0.5,0.389,122.4,85,5.7,140218,149.4,14.5,10.2,NA,NA,NA,290,258,253,1.32
CS84,860819,135900,0,26,35.1,4.5,5.1,4.4,4.6,8,TH,T1,0.5,0.389,122.4,85,5.7,140054,8.7,8.7,2.9,NA,NA,NA,285,114,57,0.08
CS84,860819,135900,0,26,35.1,4.1,5.6,4.5,4.2,8,TH,T1,0.5,0.389,122.4,85,5.7,140143,26.8,18.1,NA,NA,NA,NA,290,163,139,0.37
CS84,860819,135900,0,26,35.1,5.1,6.2,3.6,4.4,8,TH,T1,0.5,0.389,122.4,85,5.7,140207,39.2,13.1,5.8,NA,NA,NA,290,187,175,0.55
CS92,860821,131700,0,14,34.5,3.7,5,5,4.7,8,TH,T1,0.52,0.501,122.4,95,2.8,131836,10.8,10.8,2.2,1.2,2.2,75,270,96,48,0.11
CS92,860821,131700,0,14,34.5,2.8,3.2,4.8,5.5,8,TH,T1,0.52,0.501,122.4,95,2.8,131914,34.8,22.5,10.2,1,2,75,260,134,115,0.59
CS92,860821,131700,0,14,34.5,3.6,4,5,5.1,8,TH,T1,0.52,0.501,122.4,95,2.8,131950,67.4,32.6,16.7,1,2,75,250,170,152,0.91
E12,860819,111200,100,31,32.1,2.3,3.3,3.6,4,8,ER,E1,0.33,0.425,97.7,100,6.8,111239,25.1,25.1,5.8,6,2,40,235,39,20,0.64
E12,860819,111200,100,31,32.1,3.2,3.9,3.4,2.9,8,ER,E1,0.33,0.425,97.7,100,6.8,111300,46.4,23.2,7.3,8,3,50,270,60,50,1.1
E12,860819,111200,100,31,32.1,5.2,2.7,3,4.4,8,ER,E1,0.33,0.425,97.7,100,6.8,111324,81.9,37.3,5.1,8,3,50,260,84,72,1.55
E12,860819,111200,100,31,32.1,5.4,4.7,3.7,3.7,8,ER,E1,0.33,0.425,97.7,100,6.8,111343,100.8,17.4,NA,NA,3,50,265,103,94,0.92
E12,860819,111200,100,31,32.1,6,5.4,4.6,3.6,8,ER,E1,0.33,0.425,97.7,100,6.8,111409,121.1,20.3,NA,NA,3,40,260,129,116,0.78
E12,860819,111200,100,31,32.1,4.2,4.7,4.3,3.9,8,ER,E1,0.33,0.425,97.7,100,6.8,111435,147.6,26.1,7.3,8,3,40,260,155,142,1
E12,860819,111200,100,31,32.1,4,5.4,3.4,4.1,8,ER,E1,0.33,0.425,97.7,100,6.8,111505,182,34.8,12.3,8,3,40,275,185,170,1.16
E061,860819,110300,50,32,31,3.1,2.5,3.1,3.5,8,TH,T1,0.38,0.306,122.4,85,6.5,110340,28.5,28.5,7.3,8,2,45,305,40,20,0.71
E061,860819,110300,50,32,31,2.5,3.7,3.2,3.7,8,TH,T1,0.38,0.306,122.4,85,6.5,110407,55.6,29.9,8.8,10,3,40,290,67,54,1.11
E061,860819,110300,50,32,31,3.4,3.7,3.8,3.6,8,TH,T1,0.38,0.306,122.4,85,6.5,110428,90.7,34.3,16.5,10,3,40,275,88,78,1.63
E061,860819,110300,50,32,31,5.7,4.7,3.5,4.6,8,TH,T1,0.38,0.306,122.4,85,6.5,110436,96.6,11.7,NA,NA,3,40,245,96,92,1.46
E061,860819,110300,50,32,31,5.2,6.1,4.1,4.6,8,TH,T1,0.38,0.306,122.4,85,6.5,110501,136.1,48.9,NA,NA,4,40,270,121,109,1.96
E061,860819,110300,50,32,31,4,6.3,5.2,4,8,TH,T1,0.38,0.306,122.4,85,6.5,110525,180,43.8,13.1,8,4,40,270,145,133,1.83
E061,860819,110300,50,32,31,5.1,5.4,6.4,4.2,8,TH,T1,0.38,0.306,122.4,85,6.5,110533,186.8,7.2,12.8,8,4,40,270,153,149,0.9
ES12,860819,111210,0,31,32.1,1.8,3.2,3.7,4,8,ER,E1,0.33,0.425,97.7,100,6.8,111239,2.9,2.9,NA,NA,3,45,270,29,15,0.1
ES12,860819,111210,0,31,32.1,3.2,3.9,3.4,2.9,8,ER,E1,0.33,0.425,97.7,100,6.8,111300,8,4.4,1.4,NA,NA,NA,270,50,40,0.21
ES12,860819,111210,0,31,32.1,5.2,2.7,3,4.4,8,ER,E1,0.33,0.425,97.7,100,6.8,111324,17.4,10.4,2.9,NA,NA,NA,270,74,62,0.43
ES12,860819,111210,0,31,32.1,4.8,5.1,4,3.8,8,ER,E1,0.33,0.425,97.7,100,6.8,111505,31.2,12.3,NA,NA,NA,NA,270,175,125,0.12
ES12,860819,111210,0,31,32.1,4.3,4.9,3.3,4.4,8,ER,E1,0.33,0.425,97.7,100,6.8,111512,36.3,5.1,NA,NA,NA,NA,270,182,179,0.73
ES12,860819,111210,0,31,32.1,5.5,5.7,4.1,4.8,8,ER,E1,0.33,0.425,97.7,100,6.8,111553,67.4,31.6,NA,NA,NA,NA,270,223,203,0.77
ES62,860819,110400,0,32,31,3.9,3.9,3.8,4,8,TH,T1,0.38,0.306,122.4,85,6.5,110436,22.6,22.6,4.4,10,3,40,270,36,18,0.63
ES62,860819,110400,0,32,31,5.2,6.1,4.1,4.6,8,TH,T1,0.38,0.306,122.4,85,6.5,110501,45.3,22.6,8.8,8,4,40,270,61,49,0.9
ES62,860819,110400,0,32,31,4,6.3,5.2,4,8,TH,T1,0.38,0.306,122.4,85,6.5,110525,67.9,22.3,NA,NA,4,40,270,85,73,0.93
ES62,860819,110400,0,32,31,5.1,5.4,6.5,4.2,8,TH,T1,0.38,0.306,122.4,85,6.5,110535,73,4.4,5.1,8,4,40,270,95,90,0.44
F02,860819,144100,150,24,35.5,2.3,2.6,2.4,3,8,TH,T1,0.55,0.244,122.4,85,6.1,144141,14.9,14.9,2.2,3,2,45,260,41,21,0.36
F02,860819,144100,150,24,35.5,2.2,2.6,2.7,3.1,8,TH,T1,0.55,0.244,122.4,85,6.1,144219,39.9,20.7,4.4,NA,2,45,265,79,60,0.54
F02,860819,144100,150,24,35.5,2.3,0.5,3.3,1.1,8,TH,T1,0.55,0.244,122.4,85,6.1,144258,64.4,28.3,3.6,NA,2,45,275,118,99,0.73
F02,860819,144100,150,24,35.5,1.5,0.9,3,0,8,TH,T1,0.55,0.244,122.4,85,6.1,144344,95,30,NA,NA,1.5,45,270,164,141,0.65
F02,860819,144100,150,24,35.5,1.9,1,0.9,1.1,8,TH,T1,0.55,0.244,122.4,85,6.1,144430,108.8,13.1,1.5,NA,2,60,270,210,187,0.28
F02,860819,144100,150,24,35.5,3.6,0.8,1.4,1.8,8,TH,T1,0.55,0.244,122.4,85,6.1,144515,119.6,22.5,2.9,NA,2,60,215,255,233,0.5
F02,860819,144100,150,24,35.5,1.3,0.4,1.2,1.8,8,TH,T1,0.55,0.244,122.4,85,6.1,144540,133.4,18.9,2.2,NA,2,60,220,280,268,0.76
F02,860819,144100,150,24,35.5,1.6,0.5,0.1,0.8,8,TH,T1,0.55,0.244,122.4,85,6.1,144620,158.1,26.1,2.9,NA,2,60,255,320,300,0.65
F02,860819,144100,150,24,35.5,1.6,2,1.5,1.9,8,TH,T1,0.55,0.244,122.4,85,6.1,144714,178.3,22.5,NA,NA,1.5,60,255,374,347,0.42
F03,860820,115700,177,24,35,4.7,3.2,4.2,3.5,8,ER,E1,0.48,0.237,97.7,85,5.6,115722,10.2,10.2,5.1,NA,3,45,260,22,11,0.46
F03,860820,115700,177,24,35,4.8,3.1,3.9,4.9,8,ER,E1,0.48,0.237,97.7,85,5.6,115800,64.5,54.4,8.7,NA,3,45,245,60,41,1.43
F03,860820,115700,177,24,35,4.8,4.1,2.7,5.1,8,ER,E1,0.48,0.237,97.7,85,5.6,115828,117.5,52.9,NA,NA,3,45,250,88,74,1.89
F03,860820,115700,177,24,35,6.3,5.1,1.6,5.2,8,ER,E1,0.48,0.237,97.7,85,5.6,115845,140.7,26.1,13.1,NA,3,45,275,105,97,1.54
F03,860820,115700,177,24,35,5.2,5.8,6.4,4.3,8,ER,E1,0.48,0.237,97.7,85,5.6,115930,201.6,58,3.6,NA,NA,NA,250,150,128,1.29
F04,860820,121500,175,23,35,5.4,6.4,3.8,4,8,ER,E1,0.38,0.341,97.7,85,5.2,121529,16.7,16.7,8,2,1.5,50,260,29,15,0.58
F04,860820,121500,175,23,35,4.3,5.4,5.2,5.6,8,ER,E1,0.38,0.341,97.7,85,5.2,121605,62.4,45.7,11.6,2,2,45,270,65,47,1.27
F04,860820,121500,175,23,35,5.3,4.6,5.7,5.4,8,ER,E1,0.38,0.341,97.7,85,5.2,121628,104.4,48.6,14.5,2,2,45,270,88,77,2.11
F04,860820,121500,175,23,35,6.4,5,4.8,6.1,8,ER,E1,0.38,0.341,97.7,85,5.2,121634,118.2,13.8,12.3,2,2,45,270,94,91,2.3
F04,860820,121500,175,23,35,5.4,4.8,5,4.9,8,ER,E1,0.38,0.341,97.7,85,5.2,121659,168.9,52.9,10.2,2,2,45,255,119,107,2.12
F05,860821,140800,150,13,35.2,3.9,3.1,4.7,2.3,8,ER,E1,0.41,0.385,97.7,100,2.7,140902,29,29,2.2,5,4,45,270,62,31,0.47
F05,860821,140800,150,13,35.2,3.7,3.5,5.8,1.6,8,ER,E1,0.41,0.385,97.7,100,2.7,140940,52.2,26.1,6.5,5,4,45,310,100,81,0.69
F05,860821,140800,150,13,35.2,4.1,3.6,5.5,2.3,8,ER,E1,0.41,0.385,97.7,100,2.7,141016,95.7,45,7.2,5,5,40,290,136,118,1.25
F05,860821,140800,150,13,35.2,3.4,1.8,6.2,3.6,8,ER,E1,0.41,0.385,97.7,100,2.7,141045,145,50.8,10.2,5,5,40,270,165,151,1.75
F05,860821,140800,150,13,35.2,2.1,1.3,7.7,3.3,8,ER,E1,0.41,0.385,97.7,100,2.7,141107,178.3,35.4,NA,NA,5,45,270,187,176,1.61
F081,860820,114500,100,25,34,4.9,4,4.6,5.6,8,ER,E1,0.48,0.275,97.7,85,5.6,114522,23.5,23.5,10,3,3,60,270,22,11,1.07
F081,860820,114500,100,25,34,4.4,4.4,4.8,5.6,8,ER,E1,0.48,0.275,97.7,85,5.6,114543,63.8,41.5,8.5,3,3,60,265,43,33,1.98
F081,860820,114500,100,25,34,4.8,5.6,5.1,5.9,8,ER,E1,0.48,0.275,97.7,85,5.6,114611,108,52.2,11.5,3,3,60,275,71,57,1.86
F081,860820,114500,100,25,34,5.4,5.7,6,5.9,8,ER,E1,0.48,0.275,97.7,85,5.6,114642,171,61.5,14,3,3,45,275,102,87,1.98
F081,860820,114500,100,25,34,4.7,7.8,6.5,4,8,ER,E1,0.48,0.275,97.7,85,5.6,114656,198.2,27.8,NA,NA,3,45,275,116,109,1.99
F10,860821,141600,155,13,35.2,2.7,5.5,4.8,2.9,8,ER,E1,0.4,0.341,97.7,100,2.8,141700,42.5,42.5,13,NA,3,45,290,60,30,0.71
F10,860821,141600,155,13,35.2,3.3,3.2,4.9,2.7,8,ER,E1,0.4,0.341,97.7,100,2.8,141733,109.3,53.5,9,NA,3,45,275,93,77,1.62
F10,860821,141600,155,13,35.2,4,6.3,4,1.5,8,ER,E1,0.4,0.341,97.7,100,2.8,141809,172,63.5,11.5,NA,3,45,280,129,111,1.76
F10,860821,141600,155,13,35.2,3.3,9.7,5.6,2.1,8,ER,E1,0.4,0.341,97.7,100,2.8,141815,188.8,16.9,9,NA,3,45,280,135,132,2.82
F11,860819,112700,100,26,35,4.3,3.7,5.2,3.8,8,ER,E1,0.35,0.267,97.7,85,6,112733,24.7,24.7,9.4,NA,3,60,280,33,17,0.75
F11,860819,112700,100,26,35,3.7,4.4,5.3,3.5,8,ER,E1,0.35,0.267,97.7,85,6,112806,66.7,41.8,8,NA,1.5,60,275,66,50,1.27
F11,860819,112700,100,26,35,3.1,3.7,3.5,3.4,8,ER,E1,0.35,0.267,97.7,85,6,112830,97.2,31.9,NA,NA,1.5,60,265,90,78,1.33
F11,860819,112700,100,26,35,2.3,5.4,3.5,4.6,8,ER,E1,0.35,0.267,97.7,85,6,112840,105.1,9.4,NA,NA,1.5,60,270,100,95,0.94
F11,860819,112700,100,26,35,2.5,4.3,4.6,4.8,8,ER,E1,0.35,0.267,97.7,85,6,112923,133.4,27.6,5.1,NA,3,60,270,143,122,0.64
F11,860819,112700,100,26,35,2.9,3,4.4,3.5,8,ER,E1,0.35,0.267,97.7,85,6,112945,160.2,28,8.7,NA,3,60,270,165,154,1.27
F11,860819,112700,100,26,35,3.8,3.8,4.4,3.6,8,ER,E1,0.35,0.267,97.7,85,6,113009,198.9,34.8,NA,NA,4,60,270,189,177,1.45
F12,860821,121500,150,17,38,4.5,4.7,4.2,3.3,8,ER,E1,0.33,0.27,97.7,90,2.7,121546,55,55,8.5,4,3,45,270,46,23,1.2
F12,860821,121500,150,17,38,6.4,5.3,4.6,4.4,8,ER,E1,0.33,0.27,97.7,90,2.7,121616,121.3,82.8,12,4,3,45,315,76,61,2.76
F12,860821,121500,150,17,38,6.3,7,5.4,4.2,8,ER,E1,0.33,0.27,97.7,90,2.7,121640,186.5,57.5,9,4,3,45,300,100,88,2.4
F12,860821,121500,150,17,38,3.6,7.8,5.8,4.4,8,ER,E1,0.33,0.27,97.7,90,2.7,121655,207.2,25.3,8,4,3,45,280,115,108,1.69
F13,860820,112400,140,26,32,3.7,3.4,3.3,4.6,8,ER,E1,0.32,0.235,97.7,85,5.6,112445,39,39,7,4,3,45,265,45,23,0.87
F13,860820,112400,140,26,32,2.9,3.8,3.5,4.1,8,ER,E1,0.32,0.235,97.7,85,5.6,112519,89.5,52.5,5.5,4,3,45,290,79,62,1.54
F13,860820,112400,140,26,32,2.8,3.7,4.4,5.1,8,ER,E1,0.32,0.235,97.7,85,5.6,112559,150,66.3,4.5,4,3,45,245,119,99,1.66
F13,860820,112400,140,26,32,3.6,3.2,3.2,5.5,8,ER,E1,0.32,0.235,97.7,85,5.6,112645,202,52.5,3.5,3,3,50,250,165,142,1.14
F14,860820,124500,180,20,34.1,4.3,5.4,5.2,4.9,8,ER,E1,0.32,0.31,97.7,95,5.8,124557,52.5,52.5,14,10,3,50,245,57,29,0.92
F14,860820,124500,180,20,34.1,5.1,5.9,4.5,4.2,8,ER,E1,0.32,0.31,97.7,95,5.8,124621,92.5,42,12.5,10,4,40,235,81,69,1.75
F14,860820,124500,180,20,34.1,4.9,5.9,3,4.6,8,ER,E1,0.32,0.31,97.7,95,5.8,124656,161.5,72.8,13.5,10,4,40,270,116,99,2.08
F14,860820,124500,180,20,34.1,4.9,5,4.7,6.8,8,ER,E1,0.32,0.31,97.7,95,5.8,124704,198.2,38.5,11,8,5,40,260,124,120,4.81
F15,860821,143700,140,13,35.2,1.3,4.5,2.6,3.1,8,ER,E1,0.33,0.323,97.7,90,3.1,143749,42.3,42.3,7,NA,1,60,245,49,25,0.86
F15,860821,143700,140,13,35.2,2.3,4.2,2.8,3.3,8,ER,E1,0.33,0.323,97.7,90,3.1,143818,82.5,40.5,9.5,NA,2,40,240,78,64,1.4
F15,860821,143700,140,13,35.2,2.6,4.5,3.4,3,8,ER,E1,0.33,0.323,97.7,90,3.1,143902,141,51.3,8,NA,1,40,250,122,100,1.17
F15,860821,143700,140,13,35.2,3.9,3.6,4,4.9,8,ER,E1,0.33,0.323,97.7,90,3.1,143939,171.7,31,5,NA,1,40,265,159,141,0.84
F15,860821,143700,140,13,35.2,3.7,6.1,4.7,4.2,8,ER,E1,0.33,0.323,97.7,90,3.1,144004,189.3,30,9,NA,1,40,270,184,172,1.2
F16,860819,120800,100,28,34,3.8,3.4,3.9,4.2,8,TH,T1,0.42,0.254,122.4,85,6.7,120841,33.8,33.8,6,3,2.5,45,265,41,21,0.82
F16,860819,120800,100,28,34,2.8,3.3,3.8,3.7,8,TH,T1,0.42,0.254,122.4,85,6.7,120924,72.5,40.5,5,4,1.5,45,245,84,63,0.94
F16,860819,120800,100,28,34,2,2.7,3.6,3,8,TH,T1,0.42,0.254,122.4,85,6.7,121015,120.8,49.8,6,4,1.5,45,280,135,110,0.98
F16,860819,120800,100,28,34,2.9,2.8,3.9,3.7,8,TH,T1,0.42,0.254,122.4,85,6.7,121132,176,55,2,4,1.5,60,275,212,174,0.71
F16,860819,120800,100,28,34,3.9,3.9,2.6,4.1,8,TH,T1,0.42,0.254,122.4,85,6.7,121220,195.5,21,2,4,1.5,75,275,260,236,0.44
F17,860821,122700,160,14,38,2.4,3.5,4.5,4.4,8,ER,E1,0.41,0.29,97.7,95,2.8,122746,30,30,6.5,5,3,45,260,46,23,0.65
F17,860821,122700,160,14,38,3.8,3.9,4.8,4.8,8,ER,E1,0.41,0.29,97.7,95,2.8,122824,71,52.5,7.5,8,4,45,300,84,65,1.38
F17,860821,122700,160,14,38,3.6,3.1,4.3,4.4,8,ER,E1,0.41,0.29,97.7,95,2.8,122908,148,72.5,11.5,6,5,40,280,128,106,1.65
F17,860821,122700,160,14,38,3.5,5.3,4.4,4.4,8,ER,E1,0.41,0.29,97.7,95,2.8,122934,205,52.7,6,6,5,40,280,154,141,2.03
F18,860820,111400,145,27,31.5,3.4,3.2,5.4,4.6,8,ER,E1,0.4,0.35,97.7,95,5.5,111454,41,41,6.5,10,4,45,275,54,27,0.76
F18,860820,111400,145,27,31.5,3.6,3.1,5.4,5.2,8,ER,E1,0.4,0.35,97.7,95,5.5,111531,101.5,59.3,9,8,3,45,255,91,73,1.6
F18,860820,111400,145,27,31.5,3.5,4.2,6.7,4.9,8,ER,E1,0.4,0.35,97.7,95,5.5,111607,140.5,48.9,6,8,2.5,45,295,127,109,1.36
F18,860820,111400,145,27,31.5,3.6,4,5.4,5.5,8,ER,E1,0.4,0.35,97.7,95,5.5,111700,197,62,4.5,8,2.5,45,295,180,154,1.17
F19,860820,125600,200,20,34,4.6,4.8,4.3,4.9,8,TH,T1,0.51,0.313,122.4,95,5.8,125656,71,71,10.5,NA,3,45,280,56,28,1.27
F19,860820,125600,200,20,34,4,5.9,4.1,5.3,8,TH,T1,0.51,0.313,122.4,95,5.8,125726,110,45.5,9.5,NA,2.5,45,240,86,71,1.52
F19,860820,125600,200,20,34,4.2,6.4,5.2,4.5,8,TH,T1,0.51,0.313,122.4,95,5.8,125801,191.5,84.5,6.5,NA,2.5,45,255,121,104,2.41
F20,860821,145700,100,13,35.2,2.9,5.2,6,1.7,8,ER,E1,0.27,0.301,97.7,90,3,145735,15.4,15.4,5.9,NA,2,60,285,35,18,0.44
F20,860821,145700,100,13,35.2,3,4.5,5.1,2.3,8,ER,E1,0.27,0.301,97.7,90,3,145810,53.9,34.7,6.7,NA,2,60,295,70,53,0.99
F20,860821,145700,100,13,35.2,4.6,4.8,7.2,5.2,8,ER,E1,0.27,0.301,97.7,90,3,145955,115.6,63.6,3.5,NA,2,60,285,175,123,0.61
F061,860819,113900,100,30,33.2,3.9,5.5,3.7,2,8,TH,T1,0.46,0.264,122.4,84,6.4,113935,28.5,28.5,6.5,5,2,60,270,35,18,0.81
F061,860819,113900,100,30,33.2,4.4,5.3,3.3,4.2,8,TH,T1,0.46,0.264,122.4,84,6.4,114016,68.5,41.5,NA,NA,1,60,250,76,56,1.01
F061,860819,113900,100,30,33.2,3.2,5.5,3.1,3.8,8,TH,T1,0.46,0.264,122.4,84,6.4,114034,88.7,19.5,5.5,NA,1,60,260,94,85,1.08
F061,860819,113900,100,30,33.2,3.6,5,4.1,2.9,8,TH,T1,0.46,0.264,122.4,84,6.4,114048,101.7,12.7,NA,NA,1,60,260,108,101,0.91
F061,860819,113900,100,30,33.2,3.9,5,3.8,2.7,8,TH,T1,0.46,0.264,122.4,84,6.4,114200,132,33.5,NA,NA,3,45,260,180,144,0.47
F061,860819,113900,100,30,33.2,2.7,4.9,3.7,2.6,8,TH,T1,0.46,0.264,122.4,84,6.4,114335,208,77,NA,NA,3,45,255,275,228,0.81
F091,860820,122800,170,23,35,3.8,4.4,4.1,5,8,ER,E1,0.53,0.363,97.7,85,5.6,122834,24,24,8.5,NA,2,45,245,34,17,0.71
F091,860820,122800,170,23,35,4.9,4.1,5.1,4.5,8,ER,E1,0.53,0.363,97.7,85,5.6,122908,78.5,56,9,NA,3,45,240,68,51,1.65
F091,860820,122800,170,23,35,5.3,5,4.3,4,8,ER,E1,0.53,0.363,97.7,85,5.6,122923,115.4,35,6,NA,3,45,240,83,76,2.33
F091,860820,122800,170,23,35,5.7,4.7,6.2,4.6,8,ER,E1,0.53,0.363,97.7,85,5.6,122938,185.5,73.2,11,NA,3,45,260,98,91,4.88
F091,860820,122800,170,23,35,5.9,5.1,5,5.6,8,ER,E1,0.53,0.363,97.7,85,5.6,123014,204.5,20.5,11.7,NA,3,45,260,134,116,0.57
F211,860819,154200,100,27,34.8,3,3.8,3.5,2.8,18,TH,T1,0.43,0.262,122.4,85,6.5,154238,18.9,18.9,8,4,2.5,60,285,38,19,0.5
F211,860819,154200,100,27,34.8,2.4,3.4,3.1,1.9,18,TH,T1,0.43,0.262,122.4,85,6.5,154307,45,28.3,7.3,4,2,45,250,67,53,0.98
F211,860819,154200,100,27,34.8,2.5,3,3.4,3.4,18,TH,T1,0.43,0.262,122.4,85,6.5,154356,98.6,55.8,5.8,4,2,45,260,116,92,1.14
F211,860819,154200,100,27,34.8,1.8,3.8,4.2,2.7,18,TH,T1,0.43,0.262,122.4,85,6.5,154448,155.2,55.8,7.3,4,2.5,50,260,168,142,1.07
F211,860819,154200,100,27,34.8,0.9,2.4,5.9,2,18,TH,T1,0.43,0.262,122.4,85,6.5,154529,206.6,51.5,7.2,4,2.5,45,260,209,189,1.26
F212,860819,154200,50,27,34.8,3,3.8,3.5,2.8,18,TH,T1,0.43,0.262,122.4,85,6.5,154238,17.4,17.4,5.8,5,2,50,260,38,19,0.46
F212,860819,154200,50,27,34.8,2.4,3.4,3.1,1.9,18,TH,T1,0.43,0.262,122.4,85,6.5,154307,40.6,22.5,4.4,6,2,45,280,67,53,0.78
F212,860819,154200,50,27,34.8,2.5,3,3.4,3.4,18,TH,T1,0.43,0.262,122.4,85,6.5,154356,89,50,6.5,6,2,45,255,116,92,1.02
F212,860819,154200,50,27,34.8,1.8,3.8,4.2,2.7,18,TH,T1,0.43,0.262,122.4,85,6.5,154448,126.2,50.8,6.5,8,2,45,240,168,142,0.98
F212,860819,154200,50,27,34.8,0.9,2.3,5.7,1.9,18,TH,T1,0.43,0.262,122.4,85,6.5,154532,156.6,25.4,NA,NA,1,80,230,212,190,0.58
F213,860819,154200,0,27,34.8,2.7,3.6,3.3,2.4,18,TH,T1,0.43,0.262,122.4,85,6.5,154307,4.4,4.4,NA,NA,1.5,80,280,67,34,0.07
F213,860819,154200,0,27,34.8,2.5,3,3.4,3.4,18,TH,T1,0.43,0.262,122.4,85,6.5,154356,9.4,4.4,NA,NA,1.5,80,280,116,92,0.09
F213,860819,154200,0,27,34.8,1.8,3.8,4.2,2.7,18,TH,T1,0.43,0.262,122.4,85,6.5,154448,13.8,5.1,NA,NA,1,NA,290,168,142,0.1
F213,860819,154200,0,27,34.8,0.9,2.3,5.7,1.9,18,TH,T1,0.43,0.262,122.4,85,6.5,154532,15.2,2.2,NA,NA,1,NA,295,212,190,0.05
F213,860819,154200,0,27,34.8,1.5,1.5,3.5,1.4,18,TH,T1,0.43,0.262,122.4,85,6.5,154648,16.7,1.6,2.2,4,2,NA,270,288,250,0.02
F213,860819,154200,0,27,34.8,2,2.4,0.5,2.8,18,TH,T1,0.43,0.262,122.4,85,6.5,154732,37,16,2.2,5,2.5,45,270,332,310,0.36
F213,860819,154200,0,27,34.8,3.1,3.3,3.6,3,18,TH,T1,0.43,0.262,122.4,85,6.5,154812,55.1,18.9,3.6,NA,NA,NA,300,372,352,0.47
F213,860819,154200,0,27,34.8,3.1,3.2,3.2,1.6,18,TH,T1,0.43,0.262,122.4,85,6.5,154908,90.6,35.5,5.1,NA,NA,NA,275,428,400,0.63
F221,860819,155900,100,27,34.8,4.3,1.7,2.6,3,28,ER,E1,0.36,0.249,97.7,85,6.6,155935,22.2,22.2,8.7,4,3,45,275,35,18,0.63
F221,860819,155900,100,27,34.8,3.5,3.3,2.3,5.1,28,ER,E1,0.36,0.249,97.7,85,6.6,160020,92.1,69.6,7.3,NA,2,45,265,80,58,1.55
F221,860819,155900,100,27,34.8,3.7,4.1,5.1,3.3,28,ER,E1,0.36,0.249,97.7,85,6.6,160058,149.4,56.6,5.8,NA,2,45,255,118,99,1.49
F221,860819,155900,100,27,34.8,4,2.5,4.5,3.6,28,ER,E1,0.36,0.249,97.7,85,6.6,160133,190.7,43.5,5.1,NA,2,45,255,153,136,1.24
F221,860819,155900,100,27,34.8,3.5,2.5,4.8,4.9,28,ER,E1,0.36,0.249,97.7,85,6.6,160150,206.6,16.7,5.1,NA,2,45,260,170,162,0.98
F222,860819,155900,50,27,34.8,4.3,1.7,2.6,3,28,ER,E1,0.36,0.241,97.7,95,6.6,155935,14.5,14.5,2.9,10.6,2,45,260,35,18,0.41
F222,860819,155900,50,27,34.8,3.5,3.3,2.3,5.1,28,ER,E1,0.36,0.241,97.7,95,6.6,160020,59.5,47.1,5.8,5,1.5,50,240,80,58,1.05
F222,860819,155900,50,27,34.8,3.7,4.1,5.1,3.3,28,ER,E1,0.36,0.241,97.7,95,6.6,160058,98.6,36.3,4.4,5,1.5,50,240,118,99,0.96
F223,860819,155900,0,27,34.8,3.8,2.6,2.5,4.2,28,ER,E1,0.36,0.249,97.7,90,6.6,160020,7.3,7.3,NA,NA,1.5,80,270,80,40,0.09
F223,860819,155900,0,27,34.8,3.6,4.2,5.1,3.4,28,ER,E1,0.36,0.249,97.7,90,6.6,160053,13.1,7.3,NA,NA,1.5,80,230,113,97,0.22
F223,860819,155900,0,27,34.8,4,2.6,4.6,3.4,28,ER,E1,0.36,0.249,97.7,90,6.6,160133,26.8,13.8,5.1,0.1,1.5,80,250,153,133,0.35
F223,860819,155900,0,27,34.8,3.5,2.5,4.8,4.9,28,ER,E1,0.36,0.249,97.7,90,6.6,160150,35.5,8,3.6,0.1,1.5,80,250,170,162,0.47
F223,860819,155900,0,27,34.8,2.6,2.4,6.3,3.4,28,ER,E1,0.36,0.249,97.7,90,6.6,160258,66,33.4,5.1,2,3,60,280,238,204,0.49
F223,860819,155900,0,27,34.8,3.3,2.4,3.6,1.7,28,ER,E1,0.36,0.249,97.7,90,6.6,160354,93.5,28.3,NA,NA,4,40,280,294,266,0.51
F231,860820,132000,100,26,34.2,5.3,3.6,4.6,4.5,8,TH,T1,0.35,0.265,122.4,85,5.3,132041,42.1,42.1,13.8,NA,3,45,250,41,21,1.03
F231,860820,132000,100,26,34.2,5.9,3.6,3.7,4.6,8,TH,T1,0.35,0.265,122.4,85,5.3,132106,88.5,50,15.2,NA,3,45,285,66,54,2
F231,860820,132000,100,26,34.2,5.9,5.4,4.6,4.8,8,TH,T1,0.35,0.265,122.4,85,5.3,132131,137,49.3,9.4,NA,3,45,280,91,79,1.97
F231,860820,132000,100,26,34.2,5.5,7.1,3.9,3.3,8,TH,T1,0.35,0.265,122.4,85,5.3,132158,182,45,8.7,NA,3,45,275,118,105,1.67
F231,860820,132000,100,26,34.2,5.3,7.5,4.5,3,8,TH,T1,0.35,0.265,122.4,85,5.3,132202,201,18.5,10.1,NA,3,45,270,122,120,4.63
F232,860820,132000,50,26,34.2,5.3,3.6,4.6,4.5,8,TH,T1,0.35,0.257,122.4,100,5.3,132041,32.6,32.6,9.4,8,3,45,285,41,21,0.8
F232,860820,132000,50,26,34.2,5.9,3.6,3.7,4.6,8,TH,T1,0.35,0.257,122.4,100,5.3,132106,71.8,39.2,8.7,8,3,40,290,66,54,1.57
F232,860820,132000,50,26,34.2,5.9,5.4,4.6,4.8,8,TH,T1,0.35,0.257,122.4,100,5.3,132131,106.6,35.5,8,8,3,40,270,91,79,1.42
F232,860820,132000,50,26,34.2,5.5,7.1,3.9,3.3,8,TH,T1,0.35,0.257,122.4,100,5.3,132158,143.6,37.7,9.4,8,3,40,260,118,105,1.4
F232,860820,132000,50,26,34.2,5.1,7.2,4.4,3.1,8,TH,T1,0.35,0.257,122.4,100,5.3,132212,159.5,10.2,8.7,10,3,40,265,132,125,0.73
F232,860820,132000,50,26,34.2,5.4,7.2,4.6,2.9,8,TH,T1,0.35,0.257,122.4,100,5.3,132231,203,11.6,NA,NA,3,40,265,151,142,0.61
F233,860820,132000,0,26,34.2,5.3,3.6,4.6,4.5,8,TH,T1,0.35,0.267,122.4,85,5.3,132041,8.7,8.7,2.9,NA,1.5,45,280,41,21,0.21
F233,860820,132000,0,26,34.2,5.9,3.6,3.7,4.6,8,TH,T1,0.35,0.267,122.4,85,5.3,132106,14.5,5.8,NA,NA,2,45,280,66,54,0.23
F233,860820,132000,0,26,34.2,5.9,5.4,4.6,4.8,8,TH,T1,0.35,0.267,122.4,85,5.3,132131,19.6,4.4,NA,NA,2,45,280,91,79,0.18
F233,860820,132000,0,26,34.2,5.5,7.1,3.9,3.3,8,TH,T1,0.35,0.267,122.4,85,5.3,132158,29.7,10.2,5.1,NA,2,45,280,118,105,0.38
F233,860820,132000,0,26,34.2,5.1,7.2,4.4,3.1,8,TH,T1,0.35,0.267,122.4,85,5.3,132212,34.1,2.9,NA,NA,2,60,280,132,125,0.21
F233,860820,132000,0,26,34.2,5.4,7.2,4.6,3,8,TH,T1,0.35,0.267,122.4,85,5.3,132235,37,2.9,NA,NA,2,60,280,155,144,0.13
F251,860821,145200,0,14,35.2,4.2,3.3,3.8,4.5,8,ER,E1,0.45,0.269,97.7,95,3,145512,58.8,58.8,5.8,1,0.4,60,295,192,96,0.31
F251,860821,145200,0,14,35.2,6.2,3.5,5.1,5.3,8,ER,E1,0.45,0.269,97.7,95,3,145549,83.8,15.4,4.8,1,0.5,15,295,229,211,0.42
F251,860821,145200,0,14,35.2,3.5,6.2,4.5,4.7,8,ER,E1,0.45,0.269,97.7,95,3,145735,215.8,135.8,10.6,10,3,10,315,335,282,0.34
F252,860821,145200,0,14,35.2,4.2,3.3,3.8,4.5,8,ER,E1,0.45,0.269,97.7,95,3,145512,28.9,28.9,4.8,0.4,0.5,90,275,192,96,0.15
F252,860821,145200,0,14,35.2,6.2,3.5,5.1,5.3,8,ER,E1,0.45,0.269,97.7,95,3,145549,44.3,15.4,NA,NA,2,60,280,229,211,0.42
F252,860821,145200,0,14,35.2,3.5,6.2,4.5,4.7,8,ER,E1,0.45,0.269,97.7,95,3,145735,160.9,117.5,NA,NA,4,40,285,335,282,1.1
F253,860821,145200,0,14,35.2,4.2,3.3,3.8,4.5,8,ER,E1,0.45,0.269,97.7,95,3,145512,56.8,56.8,NA,NA,1.5,60,295,192,96,0.3
F253,860821,145200,0,14,35.2,6.2,3.5,5.1,5.3,8,ER,E1,0.45,0.269,97.7,95,3,145549,99.2,35.6,6.7,4,4,45,270,229,211,0.96
F253,860821,145200,0,14,35.2,3.5,6.2,4.5,4.7,8,ER,E1,0.45,0.269,97.7,95,3,145735,184,86.7,4.8,NA,3,45,260,335,282,0.82
FS12,860819,112722,0,26,35,3.4,4.3,4.6,3.7,8,ER,E1,0.5,0.267,97.7,100,6,112840,9.4,9.4,NA,NA,2,50,270,78,39,0.12
FS12,860819,112722,0,26,35,2.5,4.3,4.6,4.8,8,ER,E1,0.5,0.267,97.7,100,6,112923,26.1,25.4,4.4,NA,NA,NA,290,121,100,0.59
FS12,860819,112722,0,26,35,2.9,3,4.4,3.5,8,ER,E1,0.5,0.267,97.7,100,6,112945,34.1,7.7,2.2,NA,NA,NA,290,143,132,0.35
FS13,860819,112706,0,26,35,4.2,3.8,5.2,3.8,8,ER,E1,0.29,0.205,97.7,100,6,112733,6.5,6.5,NA,NA,NA,NA,255,27,14,0.24
FS13,860819,112706,0,26,35,3.7,4.4,5.3,3.5,8,ER,E1,0.29,0.205,97.7,100,6,112806,18.1,11.6,2.2,NA,NA,NA,255,60,44,0.35
FS13,860819,112706,0,26,35,2.9,4.2,3.5,3.8,8,ER,E1,0.29,0.205,97.7,100,6,112840,39,4.1,NA,NA,NA,NA,240,94,77,0.12
FS14,860819,112927,0,26,35,2.8,3,4.4,3.3,8,ER,E1,0.47,0.28,97.7,100,6,112945,8,8,4.4,NA,NA,NA,270,18,9,0.44
FS14,860819,112927,0,26,35,4,3.8,4.6,3.8,8,ER,E1,0.47,0.28,97.7,100,6,113014,29.3,21,2.9,NA,NA,NA,290,47,33,0.72
FS14,860819,112927,0,26,35,4.6,5,4.8,3.2,8,ER,E1,0.47,0.28,97.7,100,6,113043,30.5,9.4,2.9,NA,NA,NA,295,76,62,0.32
FS32,860820,115600,0,24,35,4.6,5.1,5.4,3.4,8,ER,E1,0.48,0.237,97.7,100,5.6,115702,22.5,22.5,2.9,2,1.5,45,250,62,31,0.36
FS32,860820,115600,0,24,35,4.8,3.2,4.2,3.5,8,ER,E1,0.48,0.237,97.7,100,5.6,115722,31.9,9.4,2.2,2,1.5,45,250,82,72,0.47
FS42,860820,121400,0,23,35,5.6,5,3.2,4.1,8,ER,E1,0.38,0.341,97.7,85,5.2,121507,21.8,21.8,5.1,2,1.5,50,260,67,34,0.33
FS42,860820,121400,0,23,35,5.5,6.4,4.2,4.2,8,ER,E1,0.38,0.341,97.7,85,5.2,121522,29.7,8,NA,NA,1.5,45,260,82,75,0.53
FS62,860819,113900,0,30,33.2,3.9,5.5,3.7,2,8,TH,T1,0.46,0.264,122.4,100,6.4,113935,4.5,4.5,NA,NA,2,50,285,35,18,0.13
FS62,860819,113900,0,30,33.2,4.4,5.3,3.3,4.2,8,TH,T1,0.46,0.264,122.4,100,6.4,114016,29.5,25.5,5.5,3,1.5,50,280,76,56,0.62
FS62,860819,113900,0,30,33.2,3.2,5.5,3.1,3.8,8,TH,T1,0.46,0.264,122.4,100,6.4,114034,44.5,13.5,3,3,1.5,50,290,94,85,0.75
FS62,860819,113900,0,30,33.2,3.6,5,4.1,2.9,8,TH,T1,0.46,0.264,122.4,100,6.4,114048,53.5,9.5,NA,NA,1.5,50,255,108,101,0.68
FS63,860819,113900,0,30,33.2,3.9,5.5,3.7,2,8,TH,T1,0.46,0.264,122.4,98,6.4,113935,4,4,NA,NA,4,30,280,35,18,0.11
FS63,860819,113900,0,30,33.2,4.4,5.3,3.3,4.2,8,TH,T1,0.46,0.264,122.4,98,6.4,114016,23,18.5,4.5,NA,NA,NA,285,76,56,0.45
FS63,860819,113900,0,30,33.2,3.7,5.1,3.7,2.9,8,TH,T1,0.46,0.264,122.4,98,6.4,114200,34,7.5,NA,NA,NA,NA,270,180,128,0.07
FS63,860819,113900,0,30,33.2,2.8,5,2.9,3.3,8,TH,T1,0.46,0.264,122.4,98,6.4,114238,65,32.5,NA,NA,NA,NA,280,218,199,0.86
FS72,860819,145800,0,25,35.3,3.6,4.3,3.7,3.5,8,ER,E1,0.37,0.268,97.7,100,6,145905,15.5,15.5,1.5,1,1.5,45,330,65,33,0.24
FS72,860819,145800,0,25,35.3,3.7,3.6,3.4,1.8,8,ER,E1,0.37,0.268,97.7,100,6,145927,22,8,3,1,1.5,45,330,87,76,0.36
FS72,860819,145800,0,25,35.3,3.5,3.7,3.5,2.3,8,ER,E1,0.37,0.268,97.7,100,6,150028,47.5,25.6,4,1.5,1.5,45,310,148,118,0.42
FS72,860819,145800,0,25,35.3,2.4,2.5,2.8,2.1,8,ER,E1,0.37,0.268,97.7,100,6,150123,67.5,21.5,3.5,1.5,1.5,45,300,203,176,0.39
FS72,860819,145800,0,25,35.3,4.6,2.9,2.3,3,8,ER,E1,0.37,0.268,97.7,100,6,150244,98.5,38.6,10.5,1.5,1.5,45,260,284,244,0.48
FS82,860820,114400,0,25,34,3.4,3.6,5.3,5.3,8,ER,E1,0.48,0.275,97.7,100,5.6,114502,35,35,4.5,5,2,45,290,62,31,0.56
FS82,860820,114400,0,25,34,5,4,4.6,5.7,8,ER,E1,0.48,0.275,97.7,100,5.6,114522,67.5,35,6.5,5,2,45,255,82,72,1.75
FS82,860820,114400,0,25,34,4.4,4.4,4.8,5.6,8,ER,E1,0.48,0.275,97.7,100,5.6,114543,95.5,27,6,5,2,45,285,103,93,1.29
FS82,860820,114400,0,25,34,4.9,5.6,5.2,6,8,ER,E1,0.48,0.275,97.7,100,5.6,114617,136.4,43.4,NA,NA,4,40,275,137,120,1.28
FS92,860820,122700,0,23,35,4.3,3.6,1.1,2.5,8,ER,E1,0.53,0.363,97.7,95,5.6,122708,1.5,1.5,NA,NA,2,70,240,8,4,0.19
FS92,860820,122700,0,23,35,4.1,4.9,3.3,3.8,8,ER,E1,0.53,0.363,97.7,95,5.6,122805,25,22.5,2.5,2,1.5,60,230,65,37,0.39
FS92,860820,122700,0,23,35,3.8,4.3,4.1,5.1,8,ER,E1,0.53,0.363,97.7,95,5.6,122834,39,13,2,2,1.5,60,235,94,80,0.45
