FireID,2mWind.ms,MidFlwind.ms,10mWind.ms,Temp.C,RH.%,DFMC.%,Cure.%,FuelType,FuelTreat,FuelLoad.kgm2,FuelHt.m,IgnLnght.m,HeadFShape,EffHFWidth.m,ROS.ms,RSS.ms
A023,4.1,4.6,4.84,24,36,7.4,100,ER,E1,0.403,0.23,60,2,58,1.65,1.925
A061,2.9,2.6,3.35,25,33,8.8,100,ER,E1,0.328,0.17,44,2,37,0.411,0.494
A066,3.5,4,4,25,33,7,100,ER,E1,0.416,0.22,45,2,58,1.069,1.208
A071,4.8,4,6.57,25,25,6.4,100,ER,E1,0.485,0.24,45,1,45,1.011,1.314
A074,5.47,4.9,6.9,25,25,6.4,100,ER,E1,0.324,0.2,60,2,60,1.069,1.358
A082,4.27,4.3,5.43,26,24,6.6,100,ER,E1,0.326,0.26,50,2,44,1.431,1.75
A091,4.3,4,5.7,26.5,24,6.6,100,ER,E1,0.326,0.25,60,2,60,1.139,1.322
A121,3.65,3.6,4.25,26.5,51,7.6,100,ER,E1,0.377,0.19,62,2,62,0.981,1.1
A142,6.73,5.3,11,27.5,23,7.2,100,ER,E1,0.334,0.23,60,2,60,1.8,2.286
A144,4.6,4.2,6.6,27,23,7.2,100,ER,E1,0.412,0.32,60,2,58,1.711,2.097
A154,6.15,6.1,9.05,27.5,23,7.4,100,ER,E1,0.47,0.31,60,2,59,1.719,2.192
B244,4.83,4.3,6.07,29,38,7.7,100,ER,E1,0.459,0.39,50,1,50,0.811,1.028
C013,2.5,2.4,3.03,32,33,6.5,100,ER,E1,0.252,0.28,51,2,33,0.319,0.394
C014,3.35,2.5,4.05,31.5,35,6.5,100,ER,E1,0.279,0.33,50,2,46,0.969,1.133
C062,3.2,2.2,3.65,32,33,6.2,100,ER,E1,0.296,0.24,50,2,41,1.019,1.208
C071,4.18,4,4.72,35.1,26,5.7,100,ER,E1,0.267,0.29,100,2,78,1.6,1.794
E03,6.1,4.5,7.6,29.3,47,10,100,ER,E1,0.465,0.19,134,2,136,1.5,1.667
E04,2.3,0.6,3.13,30.9,50,9.4,100,ER,E1,0.438,0.2,100,1,100,0.5,0.536
E09,5.3,5.1,6.5,29.3,47,9.3,100,ER,E1,0.377,0.13,174,2,160,1.369,1.497
E10,3.55,3.3,4.63,30,55,9.5,100,ER,E1,0.484,0.25,100,1,100,0.769,0.828
E11,5.28,4.7,6.62,30,47,10.2,100,ER,E1,0.566,0.37,100,1,88,0.781,0.917
E12,3.5,3.1,4.4,32.1,31,6.8,100,ER,E1,0.425,0.33,100,2,78,1.35,1.478
E14,2.78,3.3,3.05,29,42,6.1,100,ER,E1,0.269,0.17,100,2,94,0.65,0.7
E15,3.93,2.6,4.97,29.9,47,9.3,100,ER,E1,0.358,0.29,165,2,165,1.319,1.381
E16,4.5,3,5.7,30.5,47,9.3,100,ER,E1,0.366,0.27,150,2,130,0.919,0.986
E17,4,4,5,30.5,47,9.3,100,ER,E1,0.445,0.35,150,2,133,1.361,1.436
E18,3.33,2.8,4.17,31.5,45,8.9,100,ER,E1,0.331,0.49,90,2,75,1.139,1.253
E22,3.27,2.8,4.2,29.5,47,9.1,100,ER,E1,0.448,0.33,100,2,75,0.861,0.944
F011,3.62,NA,4.48,35,26,NA,100,ER,E1,0.267,0.35,NA,2,100,1.15,1.236
F03,4.9,4,6.15,35,24,5.6,100,ER,E1,0.237,0.48,177,1,168,1.539,1.653
F04,5.23,4.2,6.65,35,23,5.2,100,ER,E1,0.341,0.38,175,2,145,1.95,2.153
F05,4.23,4,5.07,35.2,13,2.7,100,ER,E1,0.358,0.41,150,2,156,1.539,1.631
F081,5.23,4.6,6.25,35,23,5.6,100,ER,E1,0.275,0.48,100,2,90,1.95,2.286
F091,4.7,4.4,5.8,35,23,5.6,100,ER,E1,0.363,0.53,170,1,143,1.65,1.792
F10,3.43,3.3,4.1,35.2,13,2.8,100,ER,E1,0.341,0.4,155,2,155,2.069,2.167
F11,3.83,3.8,4.63,34,29,6,100,ER,E1,0.25,0.36,100,2,130,1.689,1.786
F12,4.8,3.9,5.95,38.2,17,2.7,100,ER,E1,0.27,0.33,150,2,138,2.011,2.189
F13,3.87,3.4,4.6,32,26,5.6,100,ER,E1,0.235,0.32,140,1,130,1.45,1.533
F14,5.1,5.1,6.2,34.1,20,5.8,100,ER,E1,0.31,0.32,180,2,150,1.919,2.111
F15,3.72,2.7,4.68,35.2,13,3.1,100,ER,E1,0.323,0.33,140,2,138,1.15,1.211
F17,4.07,4.3,5.05,38,14,2.8,100,ER,E1,0.29,0.41,160,2,143,1.689,1.8
F18,4.2,3.8,5,31.5,27,5.5,100,ER,E1,0.35,0.4,145,2,145,1.381,1.467
F221,3.68,3.1,3.73,34.8,27,6.6,100,ER,E1,0.249,0.36,100,2,95,1.319,1.422
F222,3.65,2.3,4.8,34.8,27,6.6,100,ER,E1,0.249,0.36,50,2,50,1,1.153
A012,5.18,5,5.73,24,34,9.1,100,ER,E2,0.542,0.13,75,1,75,1.2,1.453
A022,5.64,3.3,6.66,24,36,7.8,100,ER,E2,0.359,0.13,60,2,60,0.65,0.825
A033,5.83,3.4,7.65,25,25,7.5,100,ER,E2,0.357,0.12,60,2,53,1.111,1.456
A053,3.47,2.3,4.07,25,33,7.9,100,ER,E2,0.31,0.14,35,2,36,0.869,1.061
A072,5,5.3,6.07,25,25,6.8,100,ER,E2,0.308,0.12,60,2,60,1.061,1.344
A081,6.9,5,8.77,26,24,0.7,100,ER,E2,0.265,0.12,60,1,49,1.661,2.222
A083,4.95,3.1,6.55,26.5,24,6.8,100,ER,E2,0.278,0.12,60,1,55,1.161,1.506
A151,5.55,3,7.55,27.5,23,7.4,100,ER,E2,0.339,0.11,60,2,50,1.189,1.583
A152,5.73,4.4,7.73,23,34,8.4,100,ER,E2,0.381,0.08,50,2,46,0.969,1.325
A153,6.9,4.6,8.9,23,34,8.4,100,ER,E2,0.335,0.11,50,2,46,1.481,2.019
B242,4.3,2.9,5.25,30.5,36,7.7,100,ER,E2,0.389,0.15,50,2,45,0.619,0.756
B302,3.32,1.6,4.4,30.5,36,6.9,100,ER,E2,0.272,0.12,50,2,50,0.661,0.761
C064,4.67,2.4,5.93,31.5,35,6.2,100,ER,E2,0.283,0.21,50,2,50,1.189,1.508
A031,3.1,2,3.52,24,36,9.4,100,ER,E3,0.266,0.08,50,1,46,0.569,0.664
A032,5.9,3.9,8.2,25,35,7.3,100,ER,E3,0.271,0.13,30,1,34,1.181,1.797
A034,2.92,1.1,3.24,24,36,7.3,100,ER,E3,0.261,0.08,60,2,57,0.489,0.553
A041,5.63,1.9,7.53,25,25,6.4,100,ER,E3,0.236,0.09,40,1,48,0.989,1.333
A052,3.23,2.5,3.87,25,33,8.3,100,ER,E3,0.205,0.14,50,2,50,0.739,0.85
A073,5.4,3.7,6.87,26,24,8.5,100,ER,E3,0.235,0.1,60,1,42,0.931,1.308
A084,4.33,2.9,5.53,26,24,8,100,ER,E3,0.162,0.11,60,2,56,1.319,1.547
A092,6.2,1.8,8.6,26.5,24,8,100,ER,E3,0.242,0.11,50,2,52,1.061,1.397
A141,4.93,2.9,6.93,27,23,2.7,100,ER,E3,0.286,0.12,60,2,60,1.281,1.625
A143,4.9,2.3,7.25,27.5,23,7.2,100,ER,E3,0.232,0.1,60,2,59,0.9,1.1
B241,4.63,3.6,5.73,29,38,7.7,100,ER,E3,0.203,0.11,50,2,50,0.889,1.128
B243,4.07,1.8,4.93,30.5,36,7.7,100,ER,E3,0.117,0.11,50,2,46,0.889,1.081
B303,3.55,1.9,4.68,30.5,36,6.9,100,ER,E3,0.171,0.1,50,2,47,0.781,0.908
C061,6.1,5.4,7.23,31.5,35,6.2,100,ER,E3,0.259,0.13,50,2,51,1.289,1.708
B043,7.1,7,9.53,25,30,9,95,TH,T1,0.421,0.38,50,2,49,1.319,1.767
B091,3.63,4.3,4.68,23,26,9.2,90,TH,T1,0.455,0.25,50,NA,47,0.811,0.942
B104,3.8,3.6,5,24.5,24,10.8,95,TH,T1,0.409,0.28,50,2,39,1.25,1.506
B173,2.53,1.5,3.1,28.5,34,6,85,TH,T1,0.486,0.56,50,NA,50,0.611,0.703
B184,2.15,2.5,2.53,29,33,6,90,TH,T1,0.401,0.47,50,NA,52,0.511,0.583
B214,2.5,2.3,3,31,33,5.5,90,TH,T1,0.478,0.33,50,NA,70,0.681,0.75
B301,5.1,5.1,6.8,29,38,6.9,95,TH,T1,0.457,0.44,50,2,43,1.231,1.717
C011,3.5,3.6,4.6,31.5,35,6.5,85,TH,T1,0.328,0.46,45,NA,44,1.281,1.506
C021,3.27,2.7,3.87,32.5,27,5.7,100,TH,T1,0.323,0.36,50,2,51,0.719,0.825
C022,3.53,2.4,4.23,32.5,26,5.7,100,TH,T1,0.328,0.47,50,2,50,0.889,1.025
C024,4.27,3.7,4.87,32.5,26,5.7,90,TH,T1,0.305,0.38,50,NA,50,1.1,1.314
C031,4.6,4.3,5.5,33.5,27,5.4,100,TH,T1,0.348,0.37,50,2,39,1.189,1.614
C04,4.34,3.8,5.26,33.5,14,2.8,90,TH,T1,0.47,0.31,70,NA,75,1.831,2.061
C081,4.55,4,5.33,35.1,26,5.7,85,TH,T1,0.389,0.5,100,NA,100,0.969,1.092
C09,4.19,4.3,5.13,35,14,2.8,95,TH,T1,0.501,0.52,70,2,75,0.689,0.778
C10,3.65,3.6,4.58,34.5,14,2.8,80,TH,T1,0.458,0.53,100,NA,100,1.55,1.664
C112,2.2,2.3,2.85,32,33,6.2,95,TH,T1,0.48,0.58,50,2,50,0.411,0.472
E061,4.36,3.1,5.64,31,32,6.5,85,TH,T1,0.306,0.38,50,NA,50,1.411,1.686
F02,1.55,2,2.03,35.5,24,6.1,85,TH,T1,0.244,0.55,150,NA,101,0.569,0.611
F061,3.38,2.3,4.32,33.2,30,6.4,85,TH,T1,0.264,0.46,100,NA,85,0.861,0.936
F16,3.25,2.6,3.97,34,28.25,6.7,85,TH,T1,0.254,0.42,100,NA,100,0.769,0.825
F19,4.83,4.4,5.87,34,20,5.8,95,TH,T1,0.313,0.51,200,2,175,1.731,1.85
F211,3.33,2.2,3.88,34.8,27,6.5,85,TH,T1,0.226,0.43,100,NA,100,1.111,1.192
F212,2.52,2.3,2.93,34.8,27,6.5,85,TH,T1,0.226,0.43,50,NA,50,0.839,0.967
F231,4.73,4.4,6.03,34.2,26,5.3,85,TH,T1,0.265,0.35,100,NA,100,1.881,2.117
F232,4.54,4.4,5.82,34.2,26,5.3,87,TH,T1,0.265,0.35,50,NA,50,1.15,1.458
B032,5.4,5.3,7.28,24.5,30,12.1,95,TH,T2,0.359,0.17,50,1,50,0.961,1.278
B033,4.07,2.9,5.55,24.5,30,12.1,95,TH,T2,0.387,0.23,50,1,50,0.7,0.836
B042,5.87,3,7.6,25,30,9,90,TH,T2,0.421,0.23,50,NA,45,1.039,1.431
B092,5.08,3.1,6.56,24,25,9.2,85,TH,T2,0.453,0.13,50,NA,41,0.65,0.922
B093,3.8,3,5.25,24,25,9.2,95,TH,T2,0.41,0.22,50,2,50,0.869,1.006
B101,5.5,4.1,6.7,24,25,10.8,85,TH,T2,0.576,0.11,50,NA,47,1.95,2.644
B102,4.7,3.6,5.8,24.5,24,10.8,85,TH,T2,0.388,0.12,50,NA,49,0.839,1.069
B103,3.18,3,4.08,24.5,24,10.8,85,TH,T2,0.452,0.13,50,NA,47,0.931,1.078
B202,2.72,2.8,3.24,30.5,33,5.5,90,TH,T2,0.474,0.13,50,NA,50,0.6,0.689
B211,2.72,1.8,3.38,31,33,5.5,95,TH,T2,0.54,0.09,70,2,70,0.661,0.731
B213,3,2.8,3.35,30,44,5.3,85,TH,T2,0.585,0.1,50,NA,41,0.439,0.522
B224,2.35,1.4,2.8,30,45,7.4,85,TH,T2,0.355,0.12,53,NA,54,0.411,0.467
B304,4.37,2.6,5.8,29,38,6.9,85,TH,T2,0.34,0.12,50,NA,34,1.031,1.339
C012,2.53,1.7,3.53,32,33,6.5,85,TH,T2,0.372,0.25,47,NA,47,0.761,0.881
C034,3.65,2.7,3.9,33,26,5.4,85,TH,T2,0.363,0.14,50,NA,42,0.731,0.864
C111,2.45,2.6,2.9,31.5,35,6.2,95,TH,T2,0.455,0.32,50,2,50,0.511,0.586
B041,5.55,3.1,7.45,24.5,30,12.1,95,TH,T3,0.365,0.17,50,1,50,1.139,1.517
B044,6.25,4.3,8.38,24.5,30,12.1,90,TH,T3,0.413,0.19,50,NA,50,1.339,1.783
B094,4.3,2.9,5.68,23,26,9.2,90,TH,T3,0.414,0.18,50,NA,46,1.2,1.456
B111,3.83,1.7,4.95,25,24,7,85,TH,T3,0.286,0.15,50,NA,50,0.711,0.822
B114,3.1,1.5,3.98,25.5,24,7,90,TH,T3,0.329,0.15,50,NA,53,0.631,0.719
B201,4.07,3,4.6,30.5,33,5.5,90,TH,T3,0.485,0.17,50,NA,53,0.9,1.064
B212,2.27,1.4,2.53,30,44,5.3,85,TH,T3,0.455,0.08,50,NA,48,0.519,0.603
B221,1.94,1.2,2.37,30,45,7.4,85,TH,T3,0.46,0.16,50,NA,51,0.289,0.333
